{"stats":{"minecraft:killed_by":{"minecraft:skeleton":2},"minecraft:picked_up":{"sophisticatedbackpacks:gold_backpack":1,"minecraft:coarse_dirt":1,"minecraft:crafting_table":5,"minecraft:iron_chestplate":1,"minecraft:redstone_block":1,"things:gleaming_powder":5,"minecraft:leather_leggings":1,"minecraft:shield":1,"minecraft:lapis_block":1,"iceandfire:manuscript":3,"minecraft:string":100,"artifacts:feral_claws":1,"minecraft:item_frame":7,"minecraft:cracked_stone_bricks":2,"minecraft:cobbled_deepslate":23,"minecraft:beef":28,"minecraft:calcite":9,"minecraft:coal_block":2,"minecraft:chest":1,"minecraft:raw_copper_block":1,"minecraft:iron_boots":3,"minecraft:stick":4,"minecraft:raw_iron":42,"iceandfire:ghost_chest":1,"minecraft:jukebox":1,"artifacts:charm_of_sinking":1,"minecraft:copper_ingot":1,"minecraft:torch":1,"sophisticatedbackpacks:backpack":1,"minecraft:mangrove_sign":1,"artifacts:snorkel":1,"minecraft:mangrove_stairs":2,"minecraft:arrow":40,"minecraft:rotten_flesh":17,"zenith:gem":10,"minecraft:hay_block":7,"minecraft:mutton":6,"minecraft:white_wool":6,"minecraft:cobblestone":36,"minecraft:furnace_minecart":1,"minecraft:feather":2,"minecraft:tripwire_hook":4,"minecraft:leather":14,"minecraft:smoker":2,"minecraft:filled_map":1,"ironchests:copper_chest":1,"iceandfire:ectoplasm":3,"minecraft:gunpowder":7,"minecraft:paper":13,"minecraft:lapis_lazuli":32,"minecraft:dirt":21,"malum:cthonic_gold_fragment":26,"minecraft:lantern":2,"minecraft:coast_armor_trim_smithing_template":2,"minecraft:bone":29,"minecraft:bow":4,"minecraft:raw_gold":46,"minecraft:cobweb":10,"minecraft:oak_planks":1,"minecraft:book":30,"minecraft:smooth_basalt":1,"minecraft:sweet_berries":3,"minecraft:raw_iron_block":2,"minecraft:gravel":7,"minecraft:spruce_sapling":1,"minecraft:blast_furnace":1,"minecraft:white_bed":1,"minecraft:spruce_log":26,"artifacts:scarf_of_invisibility":1,"minecraft:spider_eye":4,"croparia:elematilius":19,"minecraft:diamond":13,"minecraft:soul_lantern":2,"minecraft:painting":1,"minecraft:rooted_dirt":2,"minecraft:coal":47},"minecraft:used":{"minecraft:trident":306,"minecraft:stone_sword":131,"minecraft:chest":1,"minecraft:iron_sword":159,"minecraft:torch":7,"minecraft:dirt":1,"minecraft:furnace_minecart":1,"minecraft:wooden_axe":37,"minecraft:mangrove_stairs":2,"minecraft:lantern":2,"minecraft:rooted_dirt":2,"iceandfire:ghost_chest":1,"minecraft:item_frame":3,"minecraft:smooth_basalt":1,"minecraft:sweet_berries":3,"ironchests:copper_chest":1,"minecraft:calcite":9,"minecraft:stone_pickaxe":63,"minecraft:oak_planks":1,"minecraft:wooden_pickaxe":35,"minecraft:cracked_stone_bricks":2,"minecraft:cookie":11,"minecraft:crafting_table":6,"minecraft:mushroom_stew":14,"minecraft:white_bed":1,"minecraft:painting":1,"minecraft:mangrove_sign":1,"minecraft:cake":8,"minecraft:smoker":1,"minecraft:diamond_pickaxe":5,"minecraft:iron_pickaxe":205,"minecraft:soul_lantern":2,"minecraft:stone_axe":37,"minecraft:cobblestone":7,"minecraft:pumpkin_pie":12,"minecraft:coarse_dirt":1},"minecraft:dropped":{"minecraft:item_frame":3,"minecraft:white_wool":1,"minecraft:bowl":1,"minecraft:shield":1},"minecraft:crafted":{"ironchests:copper_chest":1,"minecraft:raw_iron":18,"minecraft:coal":18,"minecraft:raw_copper":72,"minecraft:stone_pickaxe":1,"minecraft:chest":1,"minecraft:crafting_table":2,"minecraft:spruce_planks":36,"minecraft:wooden_pickaxe":1,"minecraft:copper_ingot":8,"minecraft:stone_axe":1,"minecraft:air":0,"minecraft:diamond_pickaxe":1,"sophisticatedbackpacks:diamond_backpack":1,"minecraft:stick":12,"minecraft:iron_ingot":9,"minecraft:iron_pickaxe":1,"minecraft:wooden_axe":1,"minecraft:stone_sword":1,"minecraft:white_bed":1,"minecraft:torch":4},"minecraft:mined":{"minecraft:diamond_ore":3,"minecraft:white_bed":1,"minecraft:deepslate_diamond_ore":10,"minecraft:grass_block":1,"croparia:elematilius_ore":5,"minecraft:coal_block":2,"minecraft:spruce_leaves":10,"minecraft:rooted_dirt":2,"minecraft:spawner":9,"minecraft:hay_block":7,"minecraft:raw_iron_block":2,"minecraft:iron_ore":33,"minecraft:deepslate_lapis_ore":3,"croparia:deepslate_elematilius_ore":7,"minecraft:bookshelf":10,"minecraft:deepslate_iron_ore":11,"minecraft:lantern":1,"minecraft:stone":37,"ironchests:copper_chest":1,"minecraft:mangrove_stairs":2,"minecraft:redstone_block":1,"minecraft:smoker":2,"things:gleaming_ore":2,"malum:cthonic_gold_ore":6,"minecraft:crafting_table":5,"malum:cthonic_gold_cluster":7,"minecraft:torch":1,"things:deepslate_gleaming_ore":3,"minecraft:blast_furnace":1,"minecraft:calcite":10,"iceandfire:ghost_chest":1,"minecraft:chest":1,"minecraft:deepslate_coal_ore":1,"minecraft:deepslate_gold_ore":39,"minecraft:lapis_ore":2,"minecraft:oak_planks":1,"minecraft:coarse_dirt":1,"minecraft:lapis_block":1,"minecraft:sweet_berry_bush":1,"minecraft:jukebox":1,"minecraft:spruce_log":28,"minecraft:coal_ore":46,"minecraft:gravel":6,"minecraft:cobweb":78,"minecraft:cracked_stone_bricks":2,"minecraft:smooth_basalt":1,"minecraft:raw_copper_block":1,"minecraft:gold_ore":7,"minecraft:deepslate":18},"minecraft:killed":{"minecraft:cave_spider":9,"minecraft:witch":2,"minecraft:spider":12,"minecraft:zombie_horse":2,"minecraft:skeleton":22,"minecraft:chicken":1,"artifacts:mimic":4,"minecraft:parrot":1,"minecraft:creeper":4,"minecraft:sheep":3,"minecraft:zombie":18,"minecraft:cow":8},"minecraft:custom":{"lootr:looted_stat":42,"minecraft:mob_kills":126,"minecraft:interact_with_crafting_table":10,"minecraft:damage_dealt_resisted":0,"minecraft:eat_cake_slice":16,"minecraft:leave_game":1,"minecraft:time_since_death":79278,"minecraft:climb_one_cm":2736,"minecraft:damage_resisted":0,"minecraft:sprint_one_cm":171245,"minecraft:walk_one_cm":642591,"minecraft:drop":4,"minecraft:damage_dealt_absorbed":242,"minecraft:play_time":113931,"minecraft:deaths":2,"minecraft:sneak_time":5547,"minecraft:walk_under_water_one_cm":1314,"minecraft:interact_with_lectern":1,"minecraft:jump":875,"minecraft:interact_with_blast_furnace":5,"minecraft:walk_on_water_one_cm":2974,"minecraft:total_world_time":113931,"minecraft:interact_with_cartography_table":1,"minecraft:sleep_in_bed":3,"minecraft:time_since_rest":66233,"minecraft:damage_taken":2682,"minecraft:damage_dealt":22227,"minecraft:fly_one_cm":199795,"minecraft:crouch_one_cm":4004,"minecraft:aviate_one_cm":490633,"minecraft:interact_with_smoker":3,"minecraft:fall_one_cm":26225},"minecraft:broken":{"minecraft:stone_sword":1,"minecraft:wooden_pickaxe":1,"minecraft:wooden_axe":1}},"DataVersion":3465}