{"stats":{"minecraft:killed_by":{"minecraft:skeleton":1},"minecraft:picked_up":{"minecraft:crafting_table":6,"minecraft:iron_chestplate":1,"minecraft:chainmail_boots":4,"minecraft:anvil":1,"minecraft:lead":2,"minecraft:string":7,"minecraft:raw_copper":74,"artifacts:power_glove":1,"minecraft:item_frame":4,"minecraft:cyan_carpet":1,"iceandfire:sea_serpent_scales_bronze":13,"minecraft:cobbled_deepslate":1,"minecraft:eye_armor_trim_smithing_template":1,"minecraft:beef":9,"minecraft:red_dye":2,"minecraft:ender_eye":7,"minecraft:rose_bush":1,"minecraft:calcite":18,"minecraft:iron_pickaxe":2,"minecraft:coal_block":5,"minecraft:birch_sapling":15,"minecraft:iron_boots":3,"minecraft:furnace":2,"minecraft:stick":13,"minecraft:raw_iron":108,"minecraft:torch":6,"minecraft:trident":1,"minecraft:arrow":26,"artifacts:lucky_scarf":1,"minecraft:rotten_flesh":37,"zenith:gem":7,"minecraft:peony":2,"minecraft:hay_block":22,"minecraft:gold_ingot":3,"minecraft:cobblestone":93,"minecraft:birch_log":15,"minecraft:tripwire_hook":5,"minecraft:andesite":4,"minecraft:leather":11,"malum:cluster_of_brilliance":10,"minecraft:potato":2,"minecraft:oak_log":20,"minecraft:chainmail_chestplate":2,"minecraft:lapis_lazuli":105,"minecraft:bone":26,"minecraft:apple":3,"minecraft:raw_gold":35,"minecraft:iron_ingot":4,"minecraft:cobweb":6,"minecraft:moss_block":2,"minecraft:iron_sword":1,"minecraft:book":69,"iceandfire:sea_serpent_scales_green":1,"minecraft:sand":25,"minecraft:spruce_log":13,"minecraft:cyan_bed":1,"minecraft:spider_eye":1,"minecraft:diamond":46,"minecraft:soul_lantern":1,"minecraft:chainmail_leggings":4,"minecraft:iron_helmet":1,"minecraft:painting":2,"minecraft:bread":5,"minecraft:coal":103,"minecraft:ender_pearl":1},"minecraft:custom":{"lootr:looted_stat":53,"minecraft:mob_kills":80,"minecraft:interact_with_crafting_table":17,"minecraft:open_barrel":2,"minecraft:eat_cake_slice":23,"minecraft:damage_dealt_resisted":0,"minecraft:leave_game":8,"minecraft:time_since_death":75418,"minecraft:climb_one_cm":8521,"minecraft:damage_resisted":0,"minecraft:sprint_one_cm":61376,"minecraft:walk_one_cm":570248,"minecraft:drop":20,"minecraft:talked_to_villager":1,"minecraft:play_time":108728,"minecraft:deaths":1,"minecraft:sneak_time":2844,"minecraft:walk_under_water_one_cm":1717,"minecraft:jump":733,"minecraft:interact_with_blast_furnace":2,"minecraft:walk_on_water_one_cm":4467,"minecraft:total_world_time":108728,"minecraft:interact_with_furnace":7,"minecraft:sleep_in_bed":2,"minecraft:time_since_rest":48802,"minecraft:damage_taken":2932,"minecraft:damage_dealt":19209,"minecraft:fly_one_cm":89735,"minecraft:open_chest":6,"minecraft:crouch_one_cm":5050,"minecraft:aviate_one_cm":358153,"minecraft:fall_one_cm":17883},"minecraft:mined":{"minecraft:diamond_ore":7,"malum:brilliant_stone":6,"minecraft:deepslate_diamond_ore":5,"minecraft:coal_block":5,"minecraft:moss_block":2,"minecraft:spawner":5,"minecraft:large_fern":1,"minecraft:hay_block":22,"minecraft:furnace":2,"minecraft:iron_ore":77,"minecraft:fire":1,"minecraft:andesite":4,"minecraft:anvil":1,"minecraft:deepslate_lapis_ore":3,"minecraft:peony":2,"minecraft:bookshelf":23,"minecraft:deepslate_iron_ore":6,"minecraft:stone":96,"minecraft:crafting_table":6,"minecraft:calcite":18,"minecraft:rose_bush":1,"malum:brilliant_deepslate":2,"minecraft:cobblestone":1,"minecraft:copper_ore":16,"minecraft:deepslate_gold_ore":5,"minecraft:lapis_ore":8,"minecraft:cyan_bed":1,"minecraft:wall_torch":5,"minecraft:black_stained_glass":1,"minecraft:birch_log":16,"minecraft:spruce_log":14,"minecraft:coal_ore":84,"minecraft:oak_log":21,"minecraft:cyan_carpet":1,"minecraft:cobweb":5,"minecraft:gold_ore":20,"minecraft:deepslate":1,"minecraft:fern":1},"minecraft:dropped":{"croptopia:flour":9,"minecraft:ender_pearl":1,"minecraft:sand":2,"minecraft:red_dye":2,"minecraft:chainmail_leggings":1,"minecraft:bone":4,"minecraft:bowl":1,"minecraft:pink_dye":4,"minecraft:birch_sapling":15,"minecraft:ender_eye":4},"minecraft:killed":{"minecraft:cave_spider":4,"minecraft:spider":3,"minecraft:skeleton":16,"minecraft:husk":14,"minecraft:wandering_trader":1,"minecraft:frog":1,"minecraft:trader_llama":2,"minecraft:zombie":10,"iceandfire:sea_serpent":1,"minecraft:cow":6},"minecraft:used":{"minecraft:stone_sword":131,"minecraft:chest":1,"minecraft:spruce_planks":1,"minecraft:iron_sword":780,"minecraft:rotten_flesh":1,"minecraft:torch":124,"minecraft:wooden_axe":34,"minecraft:iron_axe":63,"minecraft:tripwire_hook":5,"minecraft:furnace":2,"minecraft:calcite":18,"minecraft:birch_planks":4,"minecraft:stone_pickaxe":10,"minecraft:wooden_pickaxe":17,"minecraft:sand":3,"minecraft:crafting_table":7,"minecraft:mushroom_stew":3,"minecraft:painting":2,"minecraft:cake":10,"minecraft:cyan_bed":1,"minecraft:cyan_carpet":1,"minecraft:iron_pickaxe":385,"croptopia:toast":3,"minecraft:cobblestone":6,"minecraft:andesite":4,"minecraft:pumpkin_pie":17,"minecraft:cobweb":4},"minecraft:broken":{"minecraft:stone_sword":1,"minecraft:iron_sword":2,"minecraft:iron_pickaxe":1,"minecraft:wooden_axe":1},"minecraft:crafted":{"minecraft:oak_planks":4,"minecraft:coal":45,"croptopia:toast":53,"minecraft:pink_dye":4,"minecraft:iron_axe":1,"minecraft:stone_pickaxe":1,"croptopia:flour":9,"minecraft:chest":2,"minecraft:wheat":198,"sophisticatedbackpacks:iron_backpack":1,"minecraft:red_dye":2,"sophisticatedbackpacks:backpack":3,"minecraft:crafting_table":2,"minecraft:spruce_planks":52,"minecraft:wooden_pickaxe":1,"minecraft:iron_sword":2,"sophisticatedbackpacks:gold_backpack":1,"minecraft:birch_planks":20,"minecraft:bread":60,"sophisticatedbackpacks:diamond_backpack":1,"minecraft:stick":48,"minecraft:wooden_axe":1,"minecraft:stone_sword":1,"minecraft:torch":136}},"DataVersion":3465}