{"stats":{"minecraft:used":{"minecraft:wooden_axe":8,"minecraft:crafting_table":1},"minecraft:crafted":{"minecraft:crafting_table":1,"minecraft:spruce_planks":52,"minecraft:stick":8,"minecraft:wooden_pickaxe":1,"minecraft:wooden_axe":1},"minecraft:mined":{"minecraft:large_fern":1,"minecraft:bookshelf":1,"minecraft:spruce_log":14,"minecraft:crafting_table":1},"minecraft:custom":{"minecraft:time_since_rest":7868,"lootr:looted_stat":1,"minecraft:crouch_one_cm":410,"minecraft:sprint_one_cm":598,"minecraft:play_time":7868,"minecraft:damage_taken":150,"minecraft:walk_one_cm":22078,"minecraft:sneak_time":86,"minecraft:aviate_one_cm":83,"minecraft:jump":13,"minecraft:damage_dealt":48,"minecraft:leave_game":8,"minecraft:time_since_death":7868,"minecraft:total_world_time":7868,"minecraft:interact_with_crafting_table":1,"minecraft:fall_one_cm":480,"minecraft:fly_one_cm":2030},"minecraft:picked_up":{"minecraft:book":3,"minecraft:item_frame":4,"minecraft:crafting_table":1,"zenith:gem":4,"minecraft:spruce_log":13}},"DataVersion":3465}