{"stats":{"minecraft:killed_by":{"minecraft:skeleton":1},"minecraft:picked_up":{"minecraft:iron_chestplate":1,"minecraft:crafting_table":5,"minecraft:chainmail_boots":4,"minecraft:potato":2,"minecraft:chainmail_chestplate":2,"artifacts:power_glove":1,"minecraft:item_frame":4,"minecraft:bone":21,"minecraft:cyan_carpet":1,"minecraft:apple":3,"minecraft:eye_armor_trim_smithing_template":1,"minecraft:iron_ingot":3,"minecraft:cobweb":6,"minecraft:calcite":18,"minecraft:ender_eye":5,"minecraft:iron_pickaxe":2,"minecraft:iron_sword":1,"minecraft:coal_block":5,"minecraft:furnace":2,"minecraft:iron_boots":3,"minecraft:book":66,"minecraft:torch":6,"minecraft:sand":25,"minecraft:spruce_log":13,"minecraft:cyan_bed":1,"minecraft:arrow":22,"artifacts:lucky_scarf":1,"minecraft:rotten_flesh":21,"minecraft:diamond":30,"zenith:gem":7,"minecraft:chainmail_leggings":4,"minecraft:iron_helmet":1,"minecraft:hay_block":17,"minecraft:gold_ingot":3,"minecraft:bread":5,"minecraft:coal":2,"minecraft:cobblestone":11,"minecraft:ender_pearl":1},"minecraft:custom":{"lootr:looted_stat":24,"minecraft:interact_with_furnace":7,"minecraft:mob_kills":48,"minecraft:interact_with_crafting_table":11,"minecraft:open_barrel":1,"minecraft:damage_dealt_resisted":0,"minecraft:eat_cake_slice":20,"minecraft:leave_game":8,"minecraft:time_since_death":15418,"minecraft:sleep_in_bed":1,"minecraft:climb_one_cm":8521,"minecraft:damage_resisted":0,"minecraft:time_since_rest":2263,"minecraft:sprint_one_cm":10701,"minecraft:damage_taken":2225,"minecraft:walk_one_cm":201744,"minecraft:drop":12,"minecraft:damage_dealt":13393,"minecraft:fly_one_cm":23017,"minecraft:open_chest":4,"minecraft:crouch_one_cm":4752,"minecraft:play_time":48728,"minecraft:deaths":1,"minecraft:sneak_time":2773,"minecraft:aviate_one_cm":84985,"minecraft:jump":169,"minecraft:interact_with_blast_furnace":2,"minecraft:walk_on_water_one_cm":232,"minecraft:total_world_time":48728,"minecraft:fall_one_cm":3364},"minecraft:mined":{"minecraft:crafting_table":5,"minecraft:calcite":18,"minecraft:coal_block":5,"minecraft:cobblestone":1,"minecraft:cyan_bed":1,"minecraft:wall_torch":5,"minecraft:spawner":4,"minecraft:large_fern":1,"minecraft:hay_block":17,"minecraft:black_stained_glass":1,"minecraft:furnace":2,"minecraft:spruce_log":14,"minecraft:bookshelf":22,"minecraft:coal_ore":1,"minecraft:cyan_carpet":1,"minecraft:stone":10,"minecraft:fern":1},"minecraft:dropped":{"croptopia:flour":9,"minecraft:bowl":1,"minecraft:sand":2,"minecraft:chainmail_leggings":1},"minecraft:killed":{"minecraft:husk":14,"minecraft:cave_spider":4,"minecraft:skeleton":13},"minecraft:used":{"minecraft:calcite":18,"minecraft:stone_sword":131,"minecraft:stone_pickaxe":10,"minecraft:spruce_planks":1,"minecraft:chest":1,"minecraft:wooden_pickaxe":17,"minecraft:iron_sword":686,"minecraft:rotten_flesh":1,"minecraft:torch":12,"minecraft:sand":3,"minecraft:crafting_table":6,"minecraft:mushroom_stew":3,"minecraft:cake":8,"minecraft:wooden_axe":34,"minecraft:iron_axe":23,"minecraft:cyan_bed":1,"minecraft:iron_pickaxe":52,"minecraft:cyan_carpet":1,"minecraft:cobblestone":3,"minecraft:furnace":2,"minecraft:pumpkin_pie":10},"minecraft:broken":{"minecraft:stone_sword":1,"minecraft:iron_sword":2,"minecraft:wooden_axe":1},"minecraft:crafted":{"minecraft:coal":45,"minecraft:crafting_table":1,"minecraft:spruce_planks":52,"minecraft:wooden_pickaxe":1,"minecraft:iron_sword":2,"croptopia:toast":53,"minecraft:bread":45,"minecraft:iron_axe":1,"minecraft:stick":16,"minecraft:stone_pickaxe":1,"minecraft:wooden_axe":1,"croptopia:flour":9,"minecraft:stone_sword":1,"minecraft:chest":1,"minecraft:torch":8,"minecraft:wheat":153}},"DataVersion":3465}