{"stats":{"minecraft:picked_up":{"minecraft:crafting_table":1,"minecraft:sweet_berries":3,"minecraft:leather":7,"minecraft:beef":13,"minecraft:spruce_log":6,"minecraft:white_wool":4,"minecraft:mutton":4,"minecraft:dirt":1},"minecraft:used":{"minecraft:wooden_axe":20,"minecraft:dirt":1,"minecraft:sweet_berries":3,"minecraft:crafting_table":1,"minecraft:wooden_pickaxe":1},"minecraft:crafted":{"minecraft:crafting_table":1,"minecraft:spruce_planks":24,"minecraft:stick":4,"minecraft:wooden_pickaxe":1,"minecraft:wooden_axe":1},"minecraft:mined":{"minecraft:grass_block":1,"minecraft:sweet_berry_bush":1,"minecraft:spruce_log":6,"minecraft:spruce_leaves":2,"minecraft:crafting_table":1},"minecraft:killed":{"minecraft:sheep":2,"minecraft:cow":6},"minecraft:custom":{"minecraft:time_since_rest":5931,"minecraft:play_time":5931,"minecraft:sprint_one_cm":16883,"minecraft:damage_taken":20,"minecraft:walk_one_cm":21874,"minecraft:walk_under_water_one_cm":1311,"minecraft:mob_kills":10,"minecraft:aviate_one_cm":32712,"minecraft:jump":56,"minecraft:damage_dealt":843,"minecraft:time_since_death":5931,"minecraft:leave_game":1,"minecraft:walk_on_water_one_cm":603,"minecraft:total_world_time":5931,"minecraft:fall_one_cm":1484,"minecraft:interact_with_crafting_table":1,"minecraft:fly_one_cm":11439}},"DataVersion":3465}