{"stats":{"minecraft:crafted":{"ironchests:copper_chest":1,"minecraft:raw_iron":18,"minecraft:coal":18,"minecraft:raw_copper":72,"minecraft:stone_pickaxe":1,"minecraft:chest":1,"minecraft:crafting_table":2,"minecraft:spruce_planks":36,"minecraft:wooden_pickaxe":1,"minecraft:copper_ingot":8,"minecraft:stone_axe":1,"minecraft:air":0,"minecraft:diamond_pickaxe":1,"sophisticatedbackpacks:diamond_backpack":1,"minecraft:stick":12,"minecraft:iron_ingot":9,"minecraft:iron_pickaxe":1,"minecraft:wooden_axe":1,"minecraft:stone_sword":1,"minecraft:white_bed":1,"minecraft:torch":4},"minecraft:broken":{"minecraft:stone_sword":1,"minecraft:wooden_pickaxe":1,"minecraft:iron_sword":1,"minecraft:wooden_axe":1},"minecraft:mined":{"minecraft:diamond_ore":3,"minecraft:white_bed":1,"minecraft:mossy_cobblestone":3,"minecraft:deepslate_diamond_ore":10,"tconstruct:sky_slime_crystal_block":1,"minecraft:brewing_stand":1,"minecraft:grass_block":1,"croparia:elematilius_ore":5,"minecraft:coal_block":2,"minecraft:spruce_leaves":10,"minecraft:moss_block":1,"minecraft:rooted_dirt":2,"tconstruct:sky_slime_crystal_cluster":1,"minecraft:spawner":18,"minecraft:hay_block":19,"minecraft:tall_seagrass":2,"minecraft:raw_iron_block":2,"minecraft:iron_ore":33,"minecraft:andesite":50,"minecraft:deepslate_lapis_ore":3,"croparia:deepslate_elematilius_ore":7,"minecraft:bookshelf":10,"minecraft:deepslate_iron_ore":11,"minecraft:flowering_azalea_leaves":1,"minecraft:lantern":1,"minecraft:stone":179,"ironchests:copper_chest":1,"minecraft:mangrove_stairs":2,"minecraft:redstone_block":1,"promenade:blunite":1,"minecraft:kelp_plant":2,"minecraft:smoker":2,"things:gleaming_ore":2,"malum:cthonic_gold_ore":6,"malum:cthonic_gold_cluster":7,"minecraft:crafting_table":5,"minecraft:torch":1,"things:deepslate_gleaming_ore":3,"minecraft:blast_furnace":1,"minecraft:calcite":13,"iceandfire:ghost_chest":1,"minecraft:chest":1,"minecraft:copper_ore":1,"minecraft:deepslate_coal_ore":1,"minecraft:lapis_ore":2,"minecraft:deepslate_gold_ore":39,"minecraft:diorite":1,"minecraft:oak_planks":1,"minecraft:seagrass":1,"minecraft:coarse_dirt":1,"minecraft:lapis_block":1,"minecraft:sweet_berry_bush":1,"minecraft:spruce_log":28,"minecraft:jukebox":1,"minecraft:coal_ore":47,"minecraft:gravel":66,"minecraft:dirt":1,"minecraft:cobweb":78,"minecraft:smooth_basalt":1,"minecraft:cracked_stone_bricks":2,"minecraft:raw_copper_block":1,"minecraft:gold_ore":7,"minecraft:deepslate":18,"minecraft:suspicious_gravel":1},"minecraft:custom":{"lootr:looted_stat":177,"minecraft:mob_kills":236,"minecraft:interact_with_crafting_table":10,"minecraft:open_barrel":1,"minecraft:damage_dealt_resisted":289,"minecraft:eat_cake_slice":29,"minecraft:leave_game":7,"minecraft:time_since_death":180756,"minecraft:climb_one_cm":9971,"minecraft:damage_resisted":163,"minecraft:sprint_one_cm":245006,"minecraft:walk_one_cm":1017909,"minecraft:drop":11,"minecraft:damage_dealt_absorbed":426,"minecraft:talked_to_villager":1,"minecraft:play_time":215409,"minecraft:sneak_time":6253,"minecraft:deaths":2,"minecraft:walk_under_water_one_cm":1314,"minecraft:interact_with_lectern":2,"minecraft:jump":1823,"minecraft:interact_with_blast_furnace":5,"minecraft:walk_on_water_one_cm":2974,"minecraft:total_world_time":215409,"minecraft:interact_with_cartography_table":1,"minecraft:sleep_in_bed":3,"minecraft:time_since_rest":167711,"minecraft:damage_taken":5042,"minecraft:damage_dealt":46559,"minecraft:fly_one_cm":520106,"minecraft:crouch_one_cm":7243,"minecraft:aviate_one_cm":2653093,"minecraft:interact_with_smoker":3,"minecraft:fall_one_cm":85956},"minecraft:dropped":{"simplyswords:diamond_spear":1,"minecraft:item_frame":3,"minecraft:white_wool":1,"minecraft:kelp":1,"minecraft:bowl":22,"minecraft:filled_map":1,"minecraft:shield":1,"minecraft:andesite":35},"minecraft:picked_up":{"sophisticatedbackpacks:gold_backpack":1,"minecraft:crafting_table":5,"minecraft:iron_chestplate":1,"minecraft:coarse_dirt":1,"minecraft:redstone_block":1,"things:gleaming_powder":5,"minecraft:leather_leggings":2,"minecraft:brewing_stand":2,"promenade:blunite":1,"minecraft:shield":1,"minecraft:lapis_block":1,"iceandfire:manuscript":3,"minecraft:string":100,"minecraft:raw_copper":5,"iceandfire:sea_serpent_scales_teal":5,"minecraft:item_frame":7,"artifacts:feral_claws":1,"minecraft:purple_banner":1,"minecraft:cracked_stone_bricks":2,"minecraft:cobbled_deepslate":23,"minecraft:beef":28,"minecraft:calcite":12,"minecraft:coal_block":2,"minecraft:chest":1,"minecraft:raw_copper_block":1,"minecraft:iron_boots":3,"iceandfire:pixie_dust":6,"minecraft:stick":4,"minecraft:raw_iron":42,"iceandfire:ghost_chest":1,"minecraft:jukebox":1,"artifacts:charm_of_sinking":1,"minecraft:copper_ingot":1,"minecraft:torch":1,"sophisticatedbackpacks:backpack":2,"minecraft:diorite":1,"minecraft:mangrove_sign":1,"tconstruct:sky_slime_crystal":4,"artifacts:cowboy_hat":1,"artifacts:snorkel":1,"minecraft:arrow":68,"minecraft:mangrove_stairs":2,"minecraft:rotten_flesh":33,"zenith:gem":13,"minecraft:hay_block":19,"minecraft:totem_of_undying":1,"minecraft:mutton":6,"minecraft:white_wool":6,"minecraft:cobblestone":180,"minecraft:furnace_minecart":1,"minecraft:mud_bricks":6,"minecraft:feather":2,"iceandfire:sea_serpent_fang":12,"minecraft:tripwire_hook":21,"minecraft:andesite":85,"minecraft:leather":14,"minecraft:smoker":2,"minecraft:filled_map":1,"ironchests:copper_chest":1,"minecraft:packed_mud":5,"minecraft:chainmail_chestplate":1,"iceandfire:ectoplasm":3,"minecraft:gunpowder":7,"tconstruct:sky_slime_crystal_block":1,"minecraft:paper":13,"minecraft:lapis_lazuli":32,"malum:cthonic_gold_fragment":26,"minecraft:dirt":22,"minecraft:lantern":2,"minecraft:coast_armor_trim_smithing_template":2,"minecraft:bone":56,"minecraft:stone_bricks":4,"minecraft:kelp":1,"minecraft:bow":4,"minecraft:raw_gold":46,"minecraft:cobweb":10,"minecraft:moss_block":1,"minecraft:oak_planks":1,"minecraft:dark_oak_stairs":1,"minecraft:book":30,"minecraft:smooth_basalt":1,"minecraft:dark_oak_slab":3,"iceandfire:sea_serpent_scales_green":10,"minecraft:sweet_berries":3,"minecraft:raw_iron_block":2,"minecraft:gravel":55,"minecraft:spruce_sapling":1,"minecraft:blast_furnace":1,"minecraft:white_bed":1,"minecraft:spruce_log":26,"artifacts:scarf_of_invisibility":1,"minecraft:mossy_cobblestone":3,"minecraft:spruce_door":1,"minecraft:spider_eye":4,"simplyswords:diamond_spear":1,"croparia:elematilius":19,"minecraft:diamond":13,"minecraft:soul_lantern":3,"minecraft:painting":1,"minecraft:emerald":3,"minecraft:rooted_dirt":2,"minecraft:coal":48},"minecraft:used":{"minecraft:moss_block":1,"minecraft:trident":306,"minecraft:stone_sword":131,"minecraft:iron_shovel":67,"minecraft:chest":1,"minecraft:iron_sword":166,"minecraft:torch":7,"minecraft:dirt":2,"minecraft:furnace_minecart":1,"minecraft:wooden_axe":37,"minecraft:mangrove_stairs":2,"minecraft:lantern":2,"minecraft:rooted_dirt":2,"iceandfire:ghost_chest":1,"minecraft:smooth_basalt":1,"minecraft:item_frame":3,"minecraft:tripwire_hook":8,"minecraft:sweet_berries":3,"ironchests:copper_chest":1,"minecraft:calcite":9,"minecraft:stone_pickaxe":63,"minecraft:oak_planks":1,"minecraft:wooden_pickaxe":35,"minecraft:cracked_stone_bricks":2,"minecraft:cookie":11,"minecraft:crafting_table":6,"minecraft:mushroom_stew":22,"simplyswords:diamond_spear":603,"minecraft:white_bed":1,"minecraft:painting":1,"minecraft:mangrove_sign":1,"minecraft:cake":9,"minecraft:smoker":1,"minecraft:diamond_pickaxe":5,"minecraft:iron_pickaxe":422,"minecraft:soul_lantern":2,"minecraft:stone_axe":37,"minecraft:cobblestone":7,"minecraft:pumpkin_pie":44,"minecraft:coarse_dirt":1},"minecraft:killed_by":{"minecraft:skeleton":2},"minecraft:killed":{"minecraft:evoker":1,"minecraft:vex":3,"minecraft:cave_spider":9,"minecraft:witch":2,"minecraft:vindicator":12,"minecraft:spider":12,"minecraft:zombie_horse":2,"minecraft:skeleton":44,"minecraft:chicken":1,"minecraft:drowned":6,"artifacts:mimic":5,"minecraft:husk":1,"minecraft:parrot":1,"minecraft:zombie_villager":1,"minecraft:bat":1,"minecraft:creeper":4,"minecraft:sheep":3,"minecraft:pillager":22,"minecraft:zombie":33,"iceandfire:pixie":6,"iceandfire:sea_serpent":3,"minecraft:cow":8}},"DataVersion":3465}