{"stats":{"minecraft:crafted":{"minecraft:oak_planks":4,"minecraft:coal":45,"minecraft:furnace":2,"minecraft:pink_dye":4,"minecraft:diamond_block":1,"minecraft:iron_axe":1,"minecraft:stone_pickaxe":1,"minecraft:chest":4,"minecraft:wheat":198,"minecraft:red_dye":4,"minecraft:crafting_table":3,"minecraft:spruce_planks":64,"minecraft:wooden_pickaxe":1,"minecraft:iron_sword":2,"minecraft:copper_ingot":76,"minecraft:gold_block":2,"minecraft:birch_planks":28,"minecraft:orange_dye":2,"minecraft:bread":60,"minecraft:air":0,"minecraft:yellow_dye":3,"minecraft:stick":56,"minecraft:iron_ingot":50,"minecraft:wooden_axe":1,"minecraft:stone_sword":1,"minecraft:iron_shovel":1,"minecraft:gold_ingot":40,"minecraft:torch":136},"minecraft:dropped":{"minecraft:ender_pearl":1,"minecraft:sand":2,"minecraft:red_dye":2,"minecraft:chainmail_leggings":1,"minecraft:bone":4,"minecraft:bowl":1,"minecraft:pink_dye":4,"minecraft:birch_sapling":15,"minecraft:chicken":3,"minecraft:ender_eye":4},"minecraft:used":{"minecraft:stone_sword":131,"minecraft:iron_shovel":342,"minecraft:spruce_planks":1,"minecraft:chest":1,"minecraft:iron_sword":815,"minecraft:rotten_flesh":1,"minecraft:torch":129,"minecraft:dirt":99,"minecraft:wooden_axe":34,"minecraft:iron_axe":153,"minecraft:tripwire_hook":5,"minecraft:furnace":3,"minecraft:calcite":18,"minecraft:birch_planks":4,"minecraft:stone_pickaxe":10,"minecraft:wooden_pickaxe":17,"minecraft:sand":3,"minecraft:crafting_table":10,"minecraft:mushroom_stew":3,"minecraft:painting":2,"minecraft:cake":10,"minecraft:cyan_bed":1,"minecraft:iron_pickaxe":390,"minecraft:cyan_carpet":1,"minecraft:cobblestone":6,"minecraft:andesite":4,"minecraft:pumpkin_pie":20,"minecraft:cobweb":4},"minecraft:custom":{"minecraft:mob_kills":101,"minecraft:interact_with_crafting_table":35,"minecraft:open_barrel":2,"minecraft:damage_dealt_resisted":0,"minecraft:eat_cake_slice":23,"minecraft:leave_game":16,"minecraft:time_since_death":116728,"minecraft:climb_one_cm":8521,"minecraft:damage_resisted":0,"minecraft:sprint_one_cm":79049,"minecraft:walk_one_cm":780393,"minecraft:drop":26,"minecraft:talked_to_villager":1,"minecraft:play_time":150038,"minecraft:deaths":1,"minecraft:sneak_time":2919,"minecraft:walk_under_water_one_cm":2176,"minecraft:jump":916,"minecraft:interact_with_blast_furnace":2,"minecraft:walk_on_water_one_cm":7013,"minecraft:total_world_time":150038,"minecraft:interact_with_furnace":36,"minecraft:sleep_in_bed":2,"minecraft:time_since_rest":90112,"minecraft:damage_taken":3038,"minecraft:damage_dealt":21840,"minecraft:fly_one_cm":115502,"minecraft:open_chest":6,"minecraft:crouch_one_cm":5588,"minecraft:aviate_one_cm":441672,"minecraft:fall_one_cm":22902},"minecraft:mined":{"minecraft:diamond_ore":7,"minecraft:deepslate_diamond_ore":5,"minecraft:grass_block":315,"minecraft:coal_block":5,"minecraft:spruce_leaves":3,"minecraft:moss_block":2,"minecraft:spawner":5,"minecraft:large_fern":1,"minecraft:hay_block":22,"minecraft:furnace":3,"minecraft:iron_ore":77,"minecraft:fire":1,"minecraft:andesite":4,"minecraft:deepslate_lapis_ore":3,"minecraft:anvil":1,"minecraft:peony":2,"minecraft:bookshelf":23,"minecraft:deepslate_iron_ore":6,"minecraft:stone":96,"minecraft:dandelion":3,"minecraft:crafting_table":7,"minecraft:calcite":18,"minecraft:poppy":2,"minecraft:rose_bush":1,"minecraft:cobblestone":1,"minecraft:copper_ore":16,"minecraft:deepslate_gold_ore":5,"minecraft:lapis_ore":8,"minecraft:cyan_bed":1,"minecraft:wall_torch":5,"minecraft:black_stained_glass":1,"minecraft:birch_log":99,"minecraft:spruce_log":14,"minecraft:birch_leaves":5,"minecraft:grass":9,"minecraft:oak_log":21,"minecraft:coal_ore":84,"minecraft:cyan_carpet":1,"minecraft:dirt":20,"minecraft:cobweb":5,"minecraft:gold_ore":20,"minecraft:deepslate":1,"minecraft:fern":1},"minecraft:picked_up":{"minecraft:crafting_table":7,"minecraft:iron_chestplate":1,"minecraft:chainmail_boots":4,"minecraft:chicken":4,"minecraft:anvil":1,"minecraft:lead":2,"minecraft:string":7,"minecraft:raw_copper":74,"minecraft:item_frame":4,"minecraft:cyan_carpet":1,"minecraft:cobbled_deepslate":1,"minecraft:beef":38,"minecraft:eye_armor_trim_smithing_template":1,"minecraft:red_dye":2,"minecraft:calcite":18,"minecraft:rose_bush":1,"minecraft:ender_eye":7,"minecraft:poppy":2,"minecraft:iron_pickaxe":2,"minecraft:coal_block":5,"minecraft:birch_sapling":46,"minecraft:furnace":3,"minecraft:iron_boots":3,"minecraft:egg":5,"minecraft:stick":25,"minecraft:raw_iron":108,"minecraft:torch":6,"minecraft:trident":1,"minecraft:arrow":31,"minecraft:rotten_flesh":42,"minecraft:peony":2,"minecraft:hay_block":22,"minecraft:gold_ingot":3,"minecraft:cobblestone":93,"minecraft:birch_log":98,"minecraft:feather":1,"minecraft:tripwire_hook":5,"minecraft:andesite":4,"minecraft:leather":26,"minecraft:potato":2,"minecraft:oak_log":20,"minecraft:chainmail_chestplate":2,"minecraft:lapis_lazuli":105,"minecraft:dirt":362,"minecraft:bone":30,"minecraft:apple":3,"minecraft:wheat_seeds":4,"minecraft:raw_gold":35,"minecraft:iron_ingot":4,"minecraft:cobweb":6,"minecraft:moss_block":2,"minecraft:iron_sword":1,"minecraft:book":69,"minecraft:sweet_berries":32,"minecraft:dandelion":3,"minecraft:sand":25,"minecraft:spruce_log":13,"minecraft:cyan_bed":1,"minecraft:spider_eye":1,"minecraft:diamond":46,"minecraft:soul_lantern":1,"minecraft:chainmail_leggings":4,"minecraft:iron_helmet":1,"minecraft:painting":2,"minecraft:bread":5,"minecraft:coal":103,"minecraft:ender_pearl":1},"minecraft:killed":{"minecraft:cave_spider":4,"minecraft:spider":3,"minecraft:skeleton":20,"minecraft:chicken":1,"minecraft:husk":14,"minecraft:wandering_trader":1,"minecraft:frog":1,"minecraft:trader_llama":2,"minecraft:zombie":14,"minecraft:cow":18},"minecraft:killed_by":{"minecraft:skeleton":1},"minecraft:broken":{"minecraft:iron_shovel":1,"minecraft:stone_sword":1,"minecraft:iron_sword":2,"minecraft:iron_pickaxe":1,"minecraft:wooden_axe":1}},"DataVersion":3465}