{"stats":{"minecraft:picked_up":{"minecraft:book":3,"minecraft:crafting_table":1,"minecraft:spruce_log":13,"minecraft:item_frame":4,"zenith:gem":4,"minecraft:hay_block":9,"minecraft:coal_block":3,"minecraft:cobblestone":10,"minecraft:furnace":1},"minecraft:custom":{"minecraft:time_since_rest":12728,"minecraft:sprint_one_cm":8568,"lootr:looted_stat":4,"minecraft:damage_taken":150,"minecraft:walk_one_cm":38141,"minecraft:damage_dealt":48,"minecraft:interact_with_crafting_table":2,"minecraft:fly_one_cm":4885,"minecraft:crouch_one_cm":410,"minecraft:play_time":12728,"minecraft:sneak_time":86,"minecraft:aviate_one_cm":83,"minecraft:jump":28,"minecraft:eat_cake_slice":4,"minecraft:leave_game":8,"minecraft:time_since_death":12728,"minecraft:walk_on_water_one_cm":232,"minecraft:total_world_time":12728,"minecraft:fall_one_cm":729},"minecraft:mined":{"minecraft:large_fern":1,"minecraft:hay_block":9,"minecraft:furnace":1,"minecraft:spruce_log":14,"minecraft:crafting_table":1,"minecraft:bookshelf":1,"minecraft:coal_block":3,"minecraft:stone":10},"minecraft:used":{"minecraft:wooden_axe":8,"minecraft:stone_pickaxe":10,"minecraft:spruce_planks":1,"minecraft:wooden_pickaxe":4,"minecraft:crafting_table":1,"minecraft:cake":1},"minecraft:crafted":{"minecraft:coal":27,"minecraft:crafting_table":1,"minecraft:spruce_planks":52,"minecraft:stick":8,"minecraft:wooden_pickaxe":1,"minecraft:stone_pickaxe":1,"minecraft:wooden_axe":1,"minecraft:torch":8}},"DataVersion":3465}