{"stats":{"minecraft:killed_by":{"minecraft:skeleton":2},"minecraft:picked_up":{"minecraft:crafting_table":2,"minecraft:redstone_block":1,"minecraft:leather":7,"minecraft:smoker":1,"minecraft:lapis_block":1,"minecraft:dirt":1,"minecraft:lantern":2,"minecraft:item_frame":3,"minecraft:bone":10,"minecraft:cracked_stone_bricks":2,"minecraft:beef":13,"minecraft:calcite":9,"minecraft:coal_block":2,"minecraft:chest":1,"minecraft:raw_copper_block":1,"minecraft:book":27,"minecraft:stick":2,"minecraft:jukebox":1,"minecraft:sweet_berries":3,"minecraft:raw_iron_block":1,"minecraft:mangrove_sign":1,"minecraft:spruce_log":26,"minecraft:arrow":18,"minecraft:mangrove_stairs":2,"zenith:gem":3,"minecraft:soul_lantern":2,"minecraft:painting":1,"minecraft:mutton":4,"minecraft:coal":1,"minecraft:white_wool":4,"minecraft:cobblestone":13},"minecraft:used":{"minecraft:calcite":9,"minecraft:trident":37,"minecraft:stone_sword":131,"minecraft:stone_pickaxe":34,"minecraft:chest":1,"minecraft:wooden_pickaxe":35,"minecraft:cracked_stone_bricks":2,"minecraft:dirt":1,"minecraft:crafting_table":3,"minecraft:mushroom_stew":4,"minecraft:white_bed":1,"minecraft:painting":1,"minecraft:mangrove_sign":1,"minecraft:cake":6,"minecraft:smoker":1,"minecraft:wooden_axe":37,"minecraft:mangrove_stairs":2,"minecraft:lantern":2,"minecraft:soul_lantern":2,"minecraft:stone_axe":32,"minecraft:sweet_berries":3,"ironchests:copper_chest":1},"minecraft:dropped":{"minecraft:item_frame":3,"minecraft:white_wool":1},"minecraft:crafted":{"ironchests:copper_chest":1,"minecraft:raw_iron":9,"minecraft:coal":18,"minecraft:crafting_table":1,"minecraft:spruce_planks":36,"minecraft:wooden_pickaxe":1,"minecraft:copper_ingot":8,"minecraft:stone_axe":1,"minecraft:air":0,"minecraft:raw_copper":9,"minecraft:stick":12,"minecraft:iron_ingot":9,"minecraft:stone_pickaxe":1,"minecraft:wooden_axe":1,"minecraft:stone_sword":1,"minecraft:chest":1,"minecraft:white_bed":1},"minecraft:mined":{"minecraft:mangrove_stairs":2,"minecraft:redstone_block":1,"minecraft:smoker":1,"minecraft:crafting_table":2,"minecraft:calcite":10,"minecraft:grass_block":1,"minecraft:chest":1,"minecraft:coal_block":2,"minecraft:deepslate_coal_ore":1,"minecraft:spruce_leaves":6,"minecraft:spawner":5,"minecraft:raw_iron_block":1,"minecraft:lapis_block":1,"minecraft:sweet_berry_bush":1,"minecraft:spruce_log":28,"minecraft:jukebox":1,"minecraft:bookshelf":9,"minecraft:lantern":1,"minecraft:cracked_stone_bricks":2,"minecraft:raw_copper_block":1,"minecraft:stone":13},"minecraft:killed":{"minecraft:sheep":2,"minecraft:skeleton":7,"minecraft:cow":6},"minecraft:custom":{"lootr:looted_stat":19,"minecraft:mob_kills":26,"minecraft:interact_with_cartography_table":1,"minecraft:interact_with_crafting_table":7,"minecraft:damage_dealt_resisted":0,"minecraft:eat_cake_slice":12,"minecraft:leave_game":1,"minecraft:time_since_death":7278,"minecraft:sleep_in_bed":2,"minecraft:climb_one_cm":2736,"minecraft:time_since_rest":7308,"minecraft:sprint_one_cm":31556,"minecraft:damage_taken":1191,"minecraft:walk_one_cm":186094,"minecraft:drop":2,"minecraft:damage_dealt":3427,"minecraft:fly_one_cm":21028,"minecraft:crouch_one_cm":3039,"minecraft:play_time":41931,"minecraft:deaths":2,"minecraft:sneak_time":5224,"minecraft:walk_under_water_one_cm":1311,"minecraft:interact_with_lectern":1,"minecraft:aviate_one_cm":55051,"minecraft:jump":115,"minecraft:interact_with_blast_furnace":5,"minecraft:walk_on_water_one_cm":793,"minecraft:total_world_time":41931,"minecraft:interact_with_smoker":2,"minecraft:fall_one_cm":2982},"minecraft:broken":{"minecraft:stone_sword":1,"minecraft:wooden_axe":1,"minecraft:wooden_pickaxe":1}},"DataVersion":3465}