{"stats":{"minecraft:killed_by":{"minecraft:skeleton":1},"minecraft:picked_up":{"minecraft:birch_log":6,"minecraft:iron_chestplate":1,"minecraft:crafting_table":6,"minecraft:chainmail_boots":4,"minecraft:tripwire_hook":5,"minecraft:lead":2,"minecraft:leather":11,"minecraft:potato":2,"minecraft:oak_log":11,"minecraft:chainmail_chestplate":2,"minecraft:string":4,"artifacts:power_glove":1,"minecraft:item_frame":4,"minecraft:bone":23,"minecraft:cyan_carpet":1,"iceandfire:sea_serpent_scales_bronze":13,"minecraft:apple":3,"minecraft:red_dye":2,"minecraft:beef":9,"minecraft:eye_armor_trim_smithing_template":1,"minecraft:iron_ingot":3,"minecraft:rose_bush":1,"minecraft:cobweb":6,"minecraft:calcite":18,"minecraft:ender_eye":7,"minecraft:iron_pickaxe":2,"minecraft:birch_sapling":15,"minecraft:iron_sword":1,"minecraft:coal_block":5,"minecraft:furnace":2,"minecraft:iron_boots":3,"minecraft:book":69,"minecraft:stick":13,"iceandfire:sea_serpent_scales_green":1,"minecraft:torch":6,"minecraft:sand":25,"minecraft:spruce_log":13,"minecraft:cyan_bed":1,"minecraft:arrow":23,"artifacts:lucky_scarf":1,"minecraft:rotten_flesh":21,"minecraft:diamond":30,"minecraft:peony":2,"zenith:gem":7,"minecraft:soul_lantern":1,"minecraft:chainmail_leggings":4,"minecraft:iron_helmet":1,"minecraft:hay_block":22,"minecraft:painting":2,"minecraft:gold_ingot":3,"minecraft:bread":5,"minecraft:coal":2,"minecraft:cobblestone":11,"minecraft:ender_pearl":1},"minecraft:custom":{"lootr:looted_stat":35,"minecraft:interact_with_furnace":7,"minecraft:mob_kills":61,"minecraft:interact_with_crafting_table":17,"minecraft:open_barrel":2,"minecraft:damage_dealt_resisted":0,"minecraft:eat_cake_slice":20,"minecraft:leave_game":8,"minecraft:time_since_death":39418,"minecraft:sleep_in_bed":2,"minecraft:climb_one_cm":8521,"minecraft:damage_resisted":0,"minecraft:time_since_rest":12802,"minecraft:sprint_one_cm":40765,"minecraft:damage_taken":2563,"minecraft:walk_one_cm":331139,"minecraft:drop":20,"minecraft:damage_dealt":15993,"minecraft:talked_to_villager":1,"minecraft:fly_one_cm":66868,"minecraft:open_chest":6,"minecraft:crouch_one_cm":4898,"minecraft:play_time":72728,"minecraft:deaths":1,"minecraft:sneak_time":2787,"minecraft:walk_under_water_one_cm":1597,"minecraft:aviate_one_cm":311726,"minecraft:jump":328,"minecraft:interact_with_blast_furnace":2,"minecraft:walk_on_water_one_cm":1995,"minecraft:total_world_time":72728,"minecraft:fall_one_cm":8286},"minecraft:mined":{"minecraft:crafting_table":6,"minecraft:calcite":18,"minecraft:rose_bush":1,"minecraft:coal_block":5,"minecraft:cobblestone":1,"minecraft:cyan_bed":1,"minecraft:wall_torch":5,"minecraft:spawner":5,"minecraft:large_fern":1,"minecraft:hay_block":22,"minecraft:black_stained_glass":1,"minecraft:furnace":2,"minecraft:birch_log":7,"minecraft:spruce_log":14,"minecraft:peony":2,"minecraft:oak_log":11,"minecraft:bookshelf":23,"minecraft:coal_ore":1,"minecraft:cyan_carpet":1,"minecraft:cobweb":4,"minecraft:stone":10,"minecraft:fern":1},"minecraft:dropped":{"croptopia:flour":9,"minecraft:ender_pearl":1,"minecraft:bowl":1,"minecraft:pink_dye":4,"minecraft:birch_sapling":15,"minecraft:ender_eye":4,"minecraft:sand":2,"minecraft:red_dye":2,"minecraft:chainmail_leggings":1,"minecraft:bone":4},"minecraft:killed":{"minecraft:husk":14,"minecraft:cave_spider":4,"minecraft:wandering_trader":1,"minecraft:frog":1,"minecraft:skeleton":14,"minecraft:trader_llama":2,"iceandfire:sea_serpent":1,"minecraft:cow":6},"minecraft:used":{"minecraft:calcite":18,"minecraft:stone_sword":131,"minecraft:stone_pickaxe":10,"minecraft:spruce_planks":1,"minecraft:chest":1,"minecraft:wooden_pickaxe":17,"minecraft:iron_sword":731,"minecraft:rotten_flesh":1,"minecraft:torch":12,"minecraft:sand":3,"minecraft:crafting_table":7,"minecraft:mushroom_stew":3,"minecraft:painting":2,"minecraft:cake":9,"minecraft:wooden_axe":34,"minecraft:iron_axe":43,"minecraft:cyan_bed":1,"minecraft:iron_pickaxe":53,"minecraft:cyan_carpet":1,"minecraft:tripwire_hook":5,"croptopia:toast":3,"minecraft:cobblestone":3,"minecraft:furnace":2,"minecraft:pumpkin_pie":12,"minecraft:cobweb":4},"minecraft:broken":{"minecraft:stone_sword":1,"minecraft:iron_sword":2,"minecraft:wooden_axe":1},"minecraft:crafted":{"minecraft:red_dye":2,"minecraft:coal":45,"sophisticatedbackpacks:backpack":3,"minecraft:crafting_table":2,"minecraft:spruce_planks":52,"minecraft:wooden_pickaxe":1,"minecraft:iron_sword":2,"croptopia:toast":53,"sophisticatedbackpacks:gold_backpack":1,"minecraft:pink_dye":4,"minecraft:bread":60,"minecraft:iron_axe":1,"sophisticatedbackpacks:diamond_backpack":1,"minecraft:stick":16,"minecraft:stone_pickaxe":1,"minecraft:wooden_axe":1,"croptopia:flour":9,"minecraft:stone_sword":1,"minecraft:chest":2,"minecraft:torch":8,"sophisticatedbackpacks:iron_backpack":1,"minecraft:wheat":198}},"DataVersion":3465}