{"stats":{"minecraft:killed_by":{"minecraft:skeleton":1},"minecraft:picked_up":{"minecraft:crafting_table":5,"minecraft:chainmail_boots":2,"minecraft:potato":2,"minecraft:item_frame":4,"minecraft:bone":19,"minecraft:cyan_carpet":1,"minecraft:apple":3,"minecraft:eye_armor_trim_smithing_template":1,"minecraft:iron_ingot":3,"minecraft:cobweb":3,"minecraft:calcite":14,"minecraft:ender_eye":3,"minecraft:iron_pickaxe":2,"minecraft:coal_block":3,"minecraft:furnace":2,"minecraft:iron_boots":1,"minecraft:book":66,"minecraft:torch":5,"minecraft:sand":16,"minecraft:spruce_log":13,"minecraft:cyan_bed":1,"minecraft:arrow":21,"artifacts:lucky_scarf":1,"minecraft:rotten_flesh":13,"minecraft:diamond":18,"zenith:gem":7,"minecraft:chainmail_leggings":1,"minecraft:iron_helmet":1,"minecraft:hay_block":15,"minecraft:bread":5,"minecraft:cobblestone":11},"minecraft:custom":{"lootr:looted_stat":21,"minecraft:interact_with_furnace":5,"minecraft:mob_kills":35,"minecraft:interact_with_crafting_table":10,"minecraft:open_barrel":1,"minecraft:damage_dealt_resisted":0,"minecraft:eat_cake_slice":15,"minecraft:leave_game":8,"minecraft:time_since_death":3418,"minecraft:climb_one_cm":5742,"minecraft:time_since_rest":3483,"minecraft:sprint_one_cm":10108,"minecraft:damage_taken":1456,"minecraft:walk_one_cm":136781,"minecraft:drop":1,"minecraft:damage_dealt":8345,"minecraft:fly_one_cm":11743,"minecraft:open_chest":1,"minecraft:crouch_one_cm":1457,"minecraft:play_time":36728,"minecraft:deaths":1,"minecraft:sneak_time":956,"minecraft:aviate_one_cm":11984,"minecraft:jump":130,"minecraft:interact_with_blast_furnace":2,"minecraft:walk_on_water_one_cm":232,"minecraft:total_world_time":36728,"minecraft:fall_one_cm":2412},"minecraft:mined":{"minecraft:crafting_table":5,"minecraft:calcite":14,"minecraft:coal_block":3,"minecraft:cobblestone":1,"minecraft:cyan_bed":1,"minecraft:wall_torch":5,"minecraft:spawner":3,"minecraft:large_fern":1,"minecraft:hay_block":15,"minecraft:black_stained_glass":1,"minecraft:furnace":2,"minecraft:spruce_log":14,"minecraft:bookshelf":22,"minecraft:cyan_carpet":1,"minecraft:stone":10,"minecraft:fern":1},"minecraft:dropped":{"minecraft:sand":2},"minecraft:killed":{"minecraft:husk":8,"minecraft:cave_spider":2,"minecraft:skeleton":9},"minecraft:used":{"minecraft:calcite":5,"minecraft:stone_sword":131,"minecraft:stone_pickaxe":10,"minecraft:spruce_planks":1,"minecraft:chest":1,"minecraft:wooden_pickaxe":17,"minecraft:iron_sword":431,"minecraft:rotten_flesh":1,"minecraft:torch":10,"minecraft:crafting_table":6,"minecraft:mushroom_stew":1,"minecraft:cake":7,"minecraft:wooden_axe":34,"minecraft:iron_axe":23,"minecraft:iron_pickaxe":41,"minecraft:cyan_carpet":1,"minecraft:cobblestone":3,"minecraft:furnace":2,"minecraft:pumpkin_pie":9},"minecraft:broken":{"minecraft:stone_sword":1,"minecraft:iron_sword":1,"minecraft:wooden_axe":1},"minecraft:crafted":{"minecraft:coal":27,"minecraft:crafting_table":1,"minecraft:spruce_planks":52,"minecraft:wooden_pickaxe":1,"minecraft:iron_sword":2,"minecraft:bread":45,"minecraft:iron_axe":1,"minecraft:stick":16,"minecraft:stone_pickaxe":1,"minecraft:wooden_axe":1,"minecraft:stone_sword":1,"minecraft:chest":1,"minecraft:torch":8,"minecraft:wheat":135}},"DataVersion":3465}