{"stats":{"minecraft:broken":{"minecraft:stone_sword":1,"minecraft:iron_boots":1,"minecraft:wooden_pickaxe":1,"minecraft:iron_sword":1,"minecraft:iron_helmet":1,"minecraft:wooden_axe":1},"minecraft:mined":{"minecraft:diamond_ore":3,"minecraft:white_bed":1,"minecraft:mossy_cobblestone":3,"minecraft:deepslate_diamond_ore":10,"tconstruct:sky_slime_crystal_block":1,"minecraft:brewing_stand":1,"minecraft:grass_block":1,"croparia:elematilius_ore":5,"minecraft:coal_block":2,"minecraft:spruce_leaves":11,"minecraft:moss_block":1,"minecraft:rooted_dirt":2,"tconstruct:sky_slime_crystal_cluster":1,"minecraft:spawner":26,"minecraft:hay_block":27,"minecraft:tall_seagrass":2,"minecraft:raw_iron_block":2,"promenade:maple_log":1,"minecraft:iron_ore":45,"minecraft:andesite":50,"minecraft:deepslate_lapis_ore":3,"croparia:deepslate_elematilius_ore":7,"minecraft:bookshelf":14,"minecraft:flowering_azalea_leaves":1,"minecraft:deepslate_iron_ore":11,"minecraft:lantern":1,"croptopia:elderberry_crop":1,"minecraft:stone":181,"ironchests:copper_chest":1,"minecraft:mangrove_stairs":2,"minecraft:redstone_block":1,"promenade:blunite":1,"minecraft:kelp_plant":2,"minecraft:smoker":2,"things:gleaming_ore":2,"malum:cthonic_gold_ore":6,"malum:cthonic_gold_cluster":7,"minecraft:crafting_table":6,"minecraft:torch":1,"things:deepslate_gleaming_ore":4,"minecraft:blast_furnace":1,"minecraft:calcite":13,"iceandfire:ghost_chest":1,"minecraft:chest":1,"croptopia:raspberry_crop":1,"minecraft:copper_ore":1,"minecraft:deepslate_coal_ore":1,"minecraft:deepslate_gold_ore":39,"minecraft:lapis_ore":2,"minecraft:oak_planks":1,"minecraft:diorite":1,"minecraft:seagrass":1,"minecraft:coarse_dirt":1,"minecraft:birch_log":14,"minecraft:lapis_block":1,"minecraft:sweet_berry_bush":1,"minecraft:birch_leaves":1,"minecraft:spruce_log":28,"minecraft:jukebox":1,"minecraft:oak_log":15,"minecraft:coal_ore":47,"minecraft:gravel":66,"minecraft:dirt":1,"minecraft:cobweb":78,"minecraft:smooth_basalt":1,"minecraft:cracked_stone_bricks":2,"minecraft:raw_copper_block":1,"minecraft:gold_ore":15,"minecraft:oak_leaves":2,"minecraft:deepslate":18,"minecraft:suspicious_gravel":1},"minecraft:crafted":{"minecraft:redstone":9,"minecraft:oak_planks":4,"ironchests:copper_chest":1,"minecraft:raw_iron":18,"minecraft:coal":18,"minecraft:raw_copper":72,"minecraft:stone_pickaxe":1,"minecraft:chest":2,"sophisticatedbackpacks:iron_backpack":3,"sophisticatedbackpacks:backpack":1,"minecraft:crafting_table":3,"minecraft:spruce_planks":44,"minecraft:wooden_pickaxe":1,"minecraft:copper_ingot":8,"sophisticatedbackpacks:gold_backpack":3,"minecraft:stone_axe":1,"charm:spruce_chest":1,"minecraft:air":0,"minecraft:diamond_pickaxe":1,"minecraft:shield":1,"naturescompass:naturescompass":1,"sophisticatedbackpacks:diamond_backpack":2,"minecraft:stick":12,"minecraft:compass":1,"minecraft:iron_ingot":9,"minecraft:wooden_axe":1,"minecraft:iron_pickaxe":1,"minecraft:stone_sword":1,"minecraft:white_bed":1,"minecraft:torch":4},"minecraft:killed_by":{"minecraft:skeleton":2},"minecraft:used":{"minecraft:moss_block":1,"minecraft:trident":306,"minecraft:iron_shovel":67,"minecraft:stone_sword":131,"minecraft:chest":1,"minecraft:spruce_planks":1,"minecraft:shield":1,"minecraft:iron_sword":240,"minecraft:torch":7,"minecraft:dirt":2,"croptopia:elderberry":1,"minecraft:furnace_minecart":1,"minecraft:wooden_axe":37,"minecraft:mangrove_stairs":2,"minecraft:lantern":2,"minecraft:iron_axe":38,"minecraft:rooted_dirt":2,"iceandfire:ghost_chest":1,"minecraft:smooth_basalt":1,"minecraft:item_frame":3,"minecraft:tripwire_hook":10,"minecraft:hay_block":1,"minecraft:sweet_berries":3,"ironchests:copper_chest":1,"minecraft:calcite":9,"minecraft:stone_pickaxe":63,"minecraft:oak_planks":1,"minecraft:wooden_pickaxe":35,"minecraft:cracked_stone_bricks":2,"minecraft:cookie":11,"promenade:maple_log":1,"minecraft:crafting_table":9,"minecraft:mushroom_stew":22,"simplyswords:diamond_spear":1128,"minecraft:white_bed":1,"minecraft:painting":1,"minecraft:cake":18,"minecraft:mangrove_sign":1,"minecraft:smoker":1,"minecraft:diamond_pickaxe":10,"minecraft:iron_pickaxe":449,"minecraft:soul_lantern":2,"minecraft:stone_axe":38,"minecraft:cobblestone":7,"minecraft:pumpkin_pie":64,"minecraft:coarse_dirt":1,"minecraft:experience_bottle":2},"minecraft:picked_up":{"sophisticatedbackpacks:gold_backpack":1,"minecraft:iron_chestplate":1,"minecraft:coarse_dirt":1,"minecraft:crafting_table":6,"things:gleaming_powder":6,"minecraft:redstone_block":1,"minecraft:leather_leggings":2,"minecraft:potion":1,"minecraft:enchanted_book":2,"minecraft:stone_brick_stairs":3,"minecraft:brewing_stand":2,"promenade:blunite":1,"minecraft:shield":1,"minecraft:lapis_block":1,"iceandfire:manuscript":3,"minecraft:string":102,"minecraft:raw_copper":5,"iceandfire:sea_serpent_scales_teal":5,"minecraft:item_frame":41,"artifacts:feral_claws":1,"minecraft:purple_banner":1,"minecraft:cracked_stone_bricks":2,"minecraft:cobbled_deepslate":23,"minecraft:spruce_planks":1,"minecraft:beef":28,"minecraft:calcite":12,"minecraft:spruce_slab":3,"minecraft:birch_sapling":6,"minecraft:coal_block":2,"minecraft:chest":1,"minecraft:iron_boots":4,"minecraft:raw_copper_block":1,"iceandfire:pixie_dust":11,"minecraft:stick":11,"minecraft:raw_iron":54,"iceandfire:ghost_chest":1,"minecraft:jukebox":1,"artifacts:charm_of_sinking":1,"minecraft:copper_ingot":1,"minecraft:torch":1,"sophisticatedbackpacks:backpack":2,"minecraft:diorite":1,"minecraft:mangrove_sign":1,"artifacts:snorkel":1,"tconstruct:sky_slime_crystal":4,"minecraft:rotten_flesh":59,"minecraft:arrow":78,"minecraft:mangrove_stairs":2,"artifacts:cowboy_hat":1,"zenith:gem":30,"minecraft:hay_block":27,"minecraft:totem_of_undying":1,"croptopia:elderberry":1,"minecraft:mutton":6,"minecraft:white_wool":6,"minecraft:cobblestone":183,"minecraft:birch_log":14,"minecraft:furnace_minecart":1,"minecraft:mud_bricks":6,"minecraft:feather":4,"iceandfire:sea_serpent_fang":12,"minecraft:tripwire_hook":23,"minecraft:andesite":85,"minecraft:leather":14,"minecraft:smoker":2,"minecraft:filled_map":1,"ironchests:copper_chest":1,"minecraft:packed_mud":5,"minecraft:oak_log":15,"minecraft:chainmail_chestplate":1,"iceandfire:ectoplasm":3,"minecraft:gunpowder":9,"minecraft:paper":13,"malum:cthonic_gold_fragment":26,"minecraft:lapis_lazuli":32,"tconstruct:sky_slime_crystal_block":1,"minecraft:dirt":22,"minecraft:lantern":2,"minecraft:coast_armor_trim_smithing_template":2,"minecraft:bone":64,"minecraft:apple":1,"minecraft:stone_bricks":4,"minecraft:kelp":1,"minecraft:bow":5,"minecraft:raw_gold":54,"minecraft:cobweb":10,"promenade:maple_log":1,"croptopia:elderberry_seed":2,"minecraft:moss_block":1,"minecraft:oak_planks":1,"minecraft:dark_oak_stairs":1,"minecraft:book":39,"minecraft:smooth_basalt":1,"minecraft:dark_oak_slab":3,"iceandfire:sea_serpent_scales_green":10,"minecraft:sweet_berries":3,"promenade:duck":1,"minecraft:raw_iron_block":2,"minecraft:gravel":55,"minecraft:sand":31,"minecraft:spruce_sapling":1,"minecraft:blast_furnace":1,"minecraft:white_bed":1,"minecraft:spruce_log":26,"artifacts:scarf_of_invisibility":1,"minecraft:spruce_door":1,"minecraft:spider_eye":5,"minecraft:mossy_cobblestone":3,"simplyswords:diamond_spear":1,"croparia:elematilius":19,"minecraft:diamond":13,"minecraft:soul_lantern":3,"waystones:waystone":1,"minecraft:iron_helmet":1,"minecraft:painting":1,"minecraft:emerald":3,"minecraft:oak_sapling":5,"minecraft:rooted_dirt":2,"minecraft:coal":48},"minecraft:dropped":{"simplyswords:diamond_spear":1,"minecraft:iron_helmet":1,"promenade:duck":1,"minecraft:item_frame":9,"minecraft:potion":1,"minecraft:white_wool":1,"minecraft:stone_axe":1,"minecraft:kelp":1,"minecraft:bowl":22,"minecraft:iron_boots":1,"minecraft:filled_map":1,"minecraft:shield":1,"minecraft:andesite":35,"minecraft:oak_sapling":1,"minecraft:spider_eye":1,"minecraft:spruce_slab":3,"minecraft:bow":4,"minecraft:stone_brick_stairs":3},"minecraft:custom":{"lootr:looted_stat":217,"minecraft:mob_kills":293,"minecraft:interact_with_crafting_table":17,"minecraft:open_barrel":1,"minecraft:damage_dealt_resisted":289,"minecraft:eat_cake_slice":74,"minecraft:leave_game":12,"minecraft:time_since_death":255809,"minecraft:climb_one_cm":12465,"minecraft:damage_resisted":208,"minecraft:sprint_one_cm":321579,"minecraft:walk_one_cm":1391126,"minecraft:damage_blocked_by_shield":10,"minecraft:drop":27,"minecraft:damage_dealt_absorbed":426,"minecraft:talked_to_villager":1,"minecraft:play_time":290462,"minecraft:sneak_time":6846,"minecraft:deaths":2,"minecraft:walk_under_water_one_cm":1314,"minecraft:interact_with_lectern":2,"minecraft:jump":2439,"minecraft:interact_with_blast_furnace":5,"minecraft:walk_on_water_one_cm":2974,"minecraft:total_world_time":290462,"minecraft:interact_with_cartography_table":1,"minecraft:sleep_in_bed":3,"minecraft:time_since_rest":242764,"minecraft:damage_taken":6154,"minecraft:damage_dealt":62477,"minecraft:fly_one_cm":730513,"minecraft:open_chest":1,"minecraft:crouch_one_cm":9556,"minecraft:aviate_one_cm":3721372,"minecraft:interact_with_smoker":3,"minecraft:fall_one_cm":115458},"minecraft:killed":{"minecraft:evoker":1,"minecraft:vex":3,"minecraft:cave_spider":9,"minecraft:witch":3,"minecraft:spider":14,"minecraft:vindicator":13,"minecraft:zombie_horse":2,"minecraft:skeleton":56,"minecraft:chicken":1,"minecraft:drowned":6,"artifacts:mimic":5,"minecraft:parrot":1,"minecraft:husk":23,"minecraft:zombie_villager":1,"minecraft:bat":1,"minecraft:frog":1,"minecraft:creeper":6,"minecraft:sheep":3,"minecraft:pillager":22,"minecraft:zombie":35,"iceandfire:pixie":8,"iceandfire:sea_serpent":3,"minecraft:cow":8}},"DataVersion":3465}