{"stats":{"minecraft:killed_by":{"minecraft:skeleton":2},"minecraft:picked_up":{"sophisticatedbackpacks:gold_backpack":1,"minecraft:crafting_table":5,"minecraft:iron_chestplate":1,"minecraft:redstone_block":1,"things:gleaming_powder":5,"minecraft:lapis_block":1,"iceandfire:manuscript":3,"minecraft:string":10,"artifacts:feral_claws":1,"minecraft:item_frame":3,"minecraft:cracked_stone_bricks":2,"minecraft:cobbled_deepslate":20,"minecraft:beef":20,"minecraft:calcite":9,"minecraft:coal_block":2,"minecraft:chest":1,"minecraft:raw_copper_block":1,"minecraft:iron_boots":2,"minecraft:stick":4,"minecraft:raw_iron":42,"iceandfire:ghost_chest":1,"minecraft:jukebox":1,"artifacts:charm_of_sinking":1,"minecraft:copper_ingot":1,"minecraft:torch":1,"sophisticatedbackpacks:backpack":1,"minecraft:mangrove_sign":1,"artifacts:snorkel":1,"minecraft:mangrove_stairs":2,"minecraft:arrow":34,"minecraft:rotten_flesh":10,"zenith:gem":6,"minecraft:mutton":6,"minecraft:white_wool":5,"minecraft:cobblestone":30,"minecraft:feather":2,"minecraft:leather":10,"minecraft:smoker":2,"minecraft:filled_map":1,"ironchests:copper_chest":1,"iceandfire:ectoplasm":3,"minecraft:gunpowder":5,"minecraft:paper":13,"minecraft:lapis_lazuli":32,"minecraft:dirt":1,"malum:cthonic_gold_fragment":26,"minecraft:lantern":2,"minecraft:coast_armor_trim_smithing_template":2,"minecraft:bone":25,"minecraft:bow":3,"minecraft:raw_gold":46,"minecraft:cobweb":2,"minecraft:book":27,"minecraft:smooth_basalt":1,"minecraft:sweet_berries":3,"minecraft:raw_iron_block":2,"minecraft:spruce_sapling":1,"minecraft:blast_furnace":1,"minecraft:white_bed":1,"minecraft:spruce_log":26,"minecraft:spider_eye":2,"croparia:elematilius":18,"minecraft:diamond":9,"minecraft:soul_lantern":2,"minecraft:painting":1,"minecraft:coal":47},"minecraft:used":{"minecraft:trident":216,"minecraft:stone_sword":131,"minecraft:chest":1,"minecraft:torch":7,"minecraft:dirt":1,"minecraft:wooden_axe":37,"minecraft:mangrove_stairs":2,"minecraft:lantern":2,"iceandfire:ghost_chest":1,"minecraft:smooth_basalt":1,"minecraft:sweet_berries":3,"ironchests:copper_chest":1,"minecraft:calcite":9,"minecraft:stone_pickaxe":63,"minecraft:wooden_pickaxe":35,"minecraft:cracked_stone_bricks":2,"minecraft:cookie":7,"minecraft:crafting_table":6,"minecraft:mushroom_stew":14,"minecraft:white_bed":1,"minecraft:painting":1,"minecraft:mangrove_sign":1,"minecraft:cake":8,"minecraft:smoker":1,"minecraft:diamond_pickaxe":5,"minecraft:iron_pickaxe":186,"minecraft:soul_lantern":2,"minecraft:stone_axe":35,"minecraft:cobblestone":6,"minecraft:pumpkin_pie":4},"minecraft:dropped":{"minecraft:item_frame":3,"minecraft:white_wool":1,"minecraft:bowl":1},"minecraft:crafted":{"ironchests:copper_chest":1,"minecraft:raw_iron":18,"minecraft:coal":18,"minecraft:raw_copper":72,"minecraft:stone_pickaxe":1,"minecraft:chest":1,"minecraft:crafting_table":2,"minecraft:spruce_planks":36,"minecraft:wooden_pickaxe":1,"minecraft:copper_ingot":8,"minecraft:stone_axe":1,"minecraft:air":0,"minecraft:diamond_pickaxe":1,"sophisticatedbackpacks:diamond_backpack":1,"minecraft:stick":12,"minecraft:iron_ingot":9,"minecraft:iron_pickaxe":1,"minecraft:wooden_axe":1,"minecraft:stone_sword":1,"minecraft:white_bed":1,"minecraft:torch":4},"minecraft:mined":{"minecraft:diamond_ore":2,"minecraft:white_bed":1,"minecraft:deepslate_diamond_ore":7,"minecraft:grass_block":1,"croparia:elematilius_ore":4,"minecraft:coal_block":2,"minecraft:spruce_leaves":10,"minecraft:spawner":5,"minecraft:raw_iron_block":2,"minecraft:iron_ore":33,"minecraft:deepslate_lapis_ore":3,"croparia:deepslate_elematilius_ore":7,"minecraft:bookshelf":9,"minecraft:deepslate_iron_ore":11,"minecraft:lantern":1,"minecraft:stone":31,"ironchests:copper_chest":1,"minecraft:mangrove_stairs":2,"minecraft:redstone_block":1,"minecraft:smoker":2,"things:gleaming_ore":2,"malum:cthonic_gold_ore":6,"minecraft:crafting_table":5,"malum:cthonic_gold_cluster":7,"minecraft:torch":1,"things:deepslate_gleaming_ore":3,"minecraft:blast_furnace":1,"minecraft:calcite":10,"iceandfire:ghost_chest":1,"minecraft:chest":1,"minecraft:deepslate_coal_ore":1,"minecraft:deepslate_gold_ore":39,"minecraft:lapis_ore":2,"minecraft:lapis_block":1,"minecraft:sweet_berry_bush":1,"minecraft:jukebox":1,"minecraft:spruce_log":28,"minecraft:coal_ore":46,"minecraft:cracked_stone_bricks":2,"minecraft:smooth_basalt":1,"minecraft:raw_copper_block":1,"minecraft:gold_ore":7,"minecraft:deepslate":15},"minecraft:killed":{"minecraft:cave_spider":1,"minecraft:witch":2,"minecraft:spider":10,"minecraft:skeleton":19,"minecraft:chicken":1,"artifacts:mimic":3,"minecraft:parrot":1,"minecraft:creeper":3,"minecraft:sheep":3,"minecraft:zombie":12,"minecraft:cow":7},"minecraft:custom":{"lootr:looted_stat":34,"minecraft:mob_kills":88,"minecraft:interact_with_crafting_table":10,"minecraft:damage_dealt_resisted":0,"minecraft:eat_cake_slice":16,"minecraft:leave_game":1,"minecraft:time_since_death":55278,"minecraft:climb_one_cm":2736,"minecraft:sprint_one_cm":129956,"minecraft:walk_one_cm":459003,"minecraft:drop":3,"minecraft:damage_dealt_absorbed":242,"minecraft:play_time":89931,"minecraft:deaths":2,"minecraft:sneak_time":5459,"minecraft:walk_under_water_one_cm":1314,"minecraft:interact_with_lectern":1,"minecraft:jump":569,"minecraft:interact_with_blast_furnace":5,"minecraft:walk_on_water_one_cm":2974,"minecraft:total_world_time":89931,"minecraft:interact_with_cartography_table":1,"minecraft:sleep_in_bed":3,"minecraft:time_since_rest":42233,"minecraft:damage_taken":2209,"minecraft:damage_dealt":15263,"minecraft:fly_one_cm":144618,"minecraft:crouch_one_cm":3629,"minecraft:aviate_one_cm":384920,"minecraft:interact_with_smoker":3,"minecraft:fall_one_cm":16820},"minecraft:broken":{"minecraft:stone_sword":1,"minecraft:wooden_pickaxe":1,"minecraft:wooden_axe":1}},"DataVersion":3465}