{"stats":{"minecraft:killed_by":{"minecraft:skeleton":1},"minecraft:picked_up":{"minecraft:birch_log":15,"minecraft:iron_chestplate":1,"minecraft:crafting_table":6,"minecraft:chainmail_boots":4,"minecraft:tripwire_hook":5,"minecraft:andesite":3,"minecraft:lead":2,"minecraft:leather":11,"minecraft:potato":2,"minecraft:oak_log":20,"minecraft:chainmail_chestplate":2,"minecraft:string":4,"minecraft:raw_copper":74,"artifacts:power_glove":1,"minecraft:item_frame":4,"minecraft:bone":24,"minecraft:cyan_carpet":1,"iceandfire:sea_serpent_scales_bronze":13,"minecraft:apple":3,"minecraft:red_dye":2,"minecraft:beef":9,"minecraft:eye_armor_trim_smithing_template":1,"minecraft:iron_ingot":3,"minecraft:rose_bush":1,"minecraft:cobweb":6,"minecraft:calcite":18,"minecraft:ender_eye":7,"minecraft:iron_pickaxe":2,"minecraft:birch_sapling":15,"minecraft:iron_sword":1,"minecraft:coal_block":5,"minecraft:furnace":2,"minecraft:iron_boots":3,"minecraft:book":69,"minecraft:raw_iron":29,"minecraft:stick":13,"iceandfire:sea_serpent_scales_green":1,"minecraft:torch":6,"minecraft:sand":25,"minecraft:trident":1,"minecraft:spruce_log":13,"minecraft:cyan_bed":1,"minecraft:spider_eye":1,"minecraft:arrow":25,"artifacts:lucky_scarf":1,"minecraft:rotten_flesh":25,"minecraft:diamond":30,"minecraft:peony":2,"zenith:gem":7,"minecraft:soul_lantern":1,"minecraft:chainmail_leggings":4,"minecraft:iron_helmet":1,"minecraft:hay_block":22,"minecraft:painting":2,"minecraft:gold_ingot":3,"minecraft:bread":5,"minecraft:coal":103,"minecraft:cobblestone":65,"minecraft:ender_pearl":1},"minecraft:custom":{"lootr:looted_stat":35,"minecraft:interact_with_furnace":7,"minecraft:mob_kills":70,"minecraft:interact_with_crafting_table":17,"minecraft:open_barrel":2,"minecraft:damage_dealt_resisted":0,"minecraft:eat_cake_slice":20,"minecraft:leave_game":8,"minecraft:time_since_death":51418,"minecraft:sleep_in_bed":2,"minecraft:climb_one_cm":8521,"minecraft:damage_resisted":0,"minecraft:time_since_rest":24802,"minecraft:sprint_one_cm":46964,"minecraft:damage_taken":2599,"minecraft:walk_one_cm":408681,"minecraft:drop":20,"minecraft:damage_dealt":17482,"minecraft:talked_to_villager":1,"minecraft:fly_one_cm":73982,"minecraft:open_chest":6,"minecraft:crouch_one_cm":4898,"minecraft:play_time":84728,"minecraft:deaths":1,"minecraft:sneak_time":2787,"minecraft:walk_under_water_one_cm":1597,"minecraft:aviate_one_cm":348207,"minecraft:jump":462,"minecraft:interact_with_blast_furnace":2,"minecraft:walk_on_water_one_cm":1995,"minecraft:total_world_time":84728,"minecraft:fall_one_cm":10801},"minecraft:mined":{"minecraft:crafting_table":6,"minecraft:calcite":18,"minecraft:rose_bush":1,"minecraft:copper_ore":16,"minecraft:coal_block":5,"minecraft:cobblestone":1,"minecraft:cyan_bed":1,"minecraft:wall_torch":5,"minecraft:spawner":5,"minecraft:large_fern":1,"minecraft:hay_block":22,"minecraft:black_stained_glass":1,"minecraft:furnace":2,"minecraft:iron_ore":23,"minecraft:birch_log":16,"minecraft:fire":1,"minecraft:spruce_log":14,"minecraft:andesite":3,"minecraft:peony":2,"minecraft:oak_log":21,"minecraft:bookshelf":23,"minecraft:coal_ore":84,"minecraft:cyan_carpet":1,"minecraft:cobweb":4,"minecraft:stone":67,"minecraft:fern":1},"minecraft:dropped":{"croptopia:flour":9,"minecraft:ender_pearl":1,"minecraft:bowl":1,"minecraft:pink_dye":4,"minecraft:birch_sapling":15,"minecraft:ender_eye":4,"minecraft:sand":2,"minecraft:red_dye":2,"minecraft:chainmail_leggings":1,"minecraft:bone":4},"minecraft:killed":{"minecraft:husk":14,"minecraft:cave_spider":4,"minecraft:spider":1,"minecraft:wandering_trader":1,"minecraft:frog":1,"minecraft:skeleton":15,"minecraft:trader_llama":2,"minecraft:zombie":5,"iceandfire:sea_serpent":1,"minecraft:cow":6},"minecraft:used":{"minecraft:calcite":18,"minecraft:stone_sword":131,"minecraft:birch_planks":4,"minecraft:stone_pickaxe":10,"minecraft:spruce_planks":1,"minecraft:chest":1,"minecraft:wooden_pickaxe":17,"minecraft:iron_sword":752,"minecraft:rotten_flesh":1,"minecraft:torch":43,"minecraft:sand":3,"minecraft:crafting_table":7,"minecraft:mushroom_stew":3,"minecraft:painting":2,"minecraft:cake":9,"minecraft:wooden_axe":34,"minecraft:iron_axe":63,"minecraft:cyan_bed":1,"minecraft:iron_pickaxe":235,"minecraft:cyan_carpet":1,"minecraft:tripwire_hook":5,"croptopia:toast":3,"minecraft:cobblestone":5,"minecraft:furnace":2,"minecraft:andesite":3,"minecraft:pumpkin_pie":14,"minecraft:cobweb":4},"minecraft:broken":{"minecraft:stone_sword":1,"minecraft:iron_sword":2,"minecraft:wooden_axe":1},"minecraft:crafted":{"minecraft:red_dye":2,"minecraft:oak_planks":4,"minecraft:coal":45,"sophisticatedbackpacks:backpack":3,"minecraft:crafting_table":2,"minecraft:spruce_planks":52,"minecraft:wooden_pickaxe":1,"minecraft:iron_sword":2,"minecraft:birch_planks":20,"croptopia:toast":53,"sophisticatedbackpacks:gold_backpack":1,"minecraft:pink_dye":4,"minecraft:bread":60,"minecraft:iron_axe":1,"sophisticatedbackpacks:diamond_backpack":1,"minecraft:stick":24,"minecraft:stone_pickaxe":1,"minecraft:wooden_axe":1,"croptopia:flour":9,"minecraft:stone_sword":1,"minecraft:chest":2,"minecraft:torch":40,"sophisticatedbackpacks:iron_backpack":1,"minecraft:wheat":198}},"DataVersion":3465}