{"stats":{"minecraft:crafted":{"ironchests:copper_chest":1,"minecraft:raw_iron":18,"minecraft:coal":18,"minecraft:raw_copper":72,"minecraft:stone_pickaxe":1,"minecraft:chest":1,"minecraft:crafting_table":2,"minecraft:spruce_planks":36,"minecraft:wooden_pickaxe":1,"minecraft:copper_ingot":8,"minecraft:stone_axe":1,"minecraft:air":0,"minecraft:diamond_pickaxe":1,"sophisticatedbackpacks:diamond_backpack":1,"minecraft:stick":12,"minecraft:iron_ingot":9,"minecraft:iron_pickaxe":1,"minecraft:wooden_axe":1,"minecraft:stone_sword":1,"minecraft:white_bed":1,"minecraft:torch":4},"minecraft:broken":{"minecraft:stone_sword":1,"minecraft:wooden_pickaxe":1,"minecraft:iron_sword":1,"minecraft:wooden_axe":1},"minecraft:mined":{"minecraft:diamond_ore":3,"minecraft:white_bed":1,"minecraft:deepslate_diamond_ore":10,"minecraft:brewing_stand":1,"minecraft:grass_block":1,"croparia:elematilius_ore":5,"minecraft:coal_block":2,"minecraft:spruce_leaves":10,"minecraft:moss_block":1,"minecraft:rooted_dirt":2,"minecraft:spawner":13,"minecraft:hay_block":13,"minecraft:tall_seagrass":1,"minecraft:raw_iron_block":2,"minecraft:iron_ore":33,"minecraft:deepslate_lapis_ore":3,"croparia:deepslate_elematilius_ore":7,"minecraft:bookshelf":10,"minecraft:deepslate_iron_ore":11,"minecraft:flowering_azalea_leaves":1,"minecraft:lantern":1,"minecraft:stone":37,"ironchests:copper_chest":1,"minecraft:mangrove_stairs":2,"minecraft:redstone_block":1,"minecraft:kelp_plant":2,"minecraft:smoker":2,"things:gleaming_ore":2,"malum:cthonic_gold_ore":6,"malum:cthonic_gold_cluster":7,"minecraft:crafting_table":5,"minecraft:torch":1,"things:deepslate_gleaming_ore":3,"minecraft:blast_furnace":1,"minecraft:calcite":10,"iceandfire:ghost_chest":1,"minecraft:chest":1,"minecraft:deepslate_coal_ore":1,"minecraft:lapis_ore":2,"minecraft:deepslate_gold_ore":39,"minecraft:oak_planks":1,"minecraft:coarse_dirt":1,"minecraft:lapis_block":1,"minecraft:sweet_berry_bush":1,"minecraft:spruce_log":28,"minecraft:jukebox":1,"minecraft:coal_ore":46,"minecraft:gravel":66,"minecraft:cobweb":78,"minecraft:cracked_stone_bricks":2,"minecraft:smooth_basalt":1,"minecraft:raw_copper_block":1,"minecraft:gold_ore":7,"minecraft:deepslate":18,"minecraft:suspicious_gravel":1},"minecraft:custom":{"lootr:looted_stat":87,"minecraft:mob_kills":169,"minecraft:interact_with_crafting_table":10,"minecraft:open_barrel":1,"minecraft:damage_dealt_resisted":289,"minecraft:eat_cake_slice":22,"minecraft:leave_game":6,"minecraft:time_since_death":140246,"minecraft:climb_one_cm":9971,"minecraft:damage_resisted":59,"minecraft:sprint_one_cm":220100,"minecraft:walk_one_cm":850103,"minecraft:drop":9,"minecraft:damage_dealt_absorbed":426,"minecraft:play_time":174899,"minecraft:sneak_time":6195,"minecraft:deaths":2,"minecraft:walk_under_water_one_cm":1314,"minecraft:interact_with_lectern":1,"minecraft:jump":1557,"minecraft:interact_with_blast_furnace":5,"minecraft:walk_on_water_one_cm":2974,"minecraft:total_world_time":174899,"minecraft:interact_with_cartography_table":1,"minecraft:sleep_in_bed":3,"minecraft:time_since_rest":127201,"minecraft:damage_taken":4038,"minecraft:damage_dealt":33850,"minecraft:fly_one_cm":440287,"minecraft:crouch_one_cm":7185,"minecraft:aviate_one_cm":2188755,"minecraft:interact_with_smoker":3,"minecraft:fall_one_cm":77980},"minecraft:dropped":{"simplyswords:diamond_spear":1,"minecraft:item_frame":3,"minecraft:white_wool":1,"minecraft:kelp":1,"minecraft:bowl":22,"minecraft:shield":1},"minecraft:picked_up":{"sophisticatedbackpacks:gold_backpack":1,"minecraft:crafting_table":5,"minecraft:iron_chestplate":1,"minecraft:coarse_dirt":1,"minecraft:redstone_block":1,"things:gleaming_powder":5,"minecraft:leather_leggings":2,"minecraft:brewing_stand":1,"minecraft:shield":1,"minecraft:lapis_block":1,"iceandfire:manuscript":3,"minecraft:string":100,"iceandfire:sea_serpent_scales_teal":5,"minecraft:item_frame":7,"artifacts:feral_claws":1,"minecraft:cracked_stone_bricks":2,"minecraft:cobbled_deepslate":23,"minecraft:beef":28,"minecraft:calcite":9,"minecraft:coal_block":2,"minecraft:chest":1,"minecraft:raw_copper_block":1,"minecraft:iron_boots":3,"minecraft:stick":4,"minecraft:raw_iron":42,"iceandfire:ghost_chest":1,"minecraft:jukebox":1,"artifacts:charm_of_sinking":1,"minecraft:copper_ingot":1,"minecraft:torch":1,"sophisticatedbackpacks:backpack":2,"minecraft:mangrove_sign":1,"artifacts:snorkel":1,"minecraft:mangrove_stairs":2,"minecraft:arrow":49,"minecraft:rotten_flesh":19,"zenith:gem":11,"minecraft:hay_block":13,"minecraft:mutton":6,"minecraft:white_wool":6,"minecraft:cobblestone":36,"minecraft:furnace_minecart":1,"minecraft:feather":2,"iceandfire:sea_serpent_fang":12,"minecraft:tripwire_hook":5,"minecraft:leather":14,"minecraft:smoker":2,"minecraft:filled_map":1,"ironchests:copper_chest":1,"minecraft:chainmail_chestplate":1,"iceandfire:ectoplasm":3,"minecraft:gunpowder":7,"minecraft:paper":13,"minecraft:lapis_lazuli":32,"malum:cthonic_gold_fragment":26,"minecraft:dirt":21,"minecraft:lantern":2,"minecraft:coast_armor_trim_smithing_template":2,"minecraft:bone":39,"minecraft:kelp":1,"minecraft:bow":4,"minecraft:raw_gold":46,"minecraft:cobweb":10,"minecraft:moss_block":1,"minecraft:oak_planks":1,"minecraft:book":30,"minecraft:smooth_basalt":1,"iceandfire:sea_serpent_scales_green":10,"minecraft:sweet_berries":3,"minecraft:raw_iron_block":2,"minecraft:gravel":55,"minecraft:spruce_sapling":1,"minecraft:blast_furnace":1,"minecraft:white_bed":1,"minecraft:spruce_log":26,"artifacts:scarf_of_invisibility":1,"minecraft:spider_eye":4,"simplyswords:diamond_spear":1,"croparia:elematilius":19,"minecraft:diamond":13,"minecraft:soul_lantern":3,"minecraft:painting":1,"minecraft:emerald":2,"minecraft:rooted_dirt":2,"minecraft:coal":47},"minecraft:used":{"minecraft:moss_block":1,"minecraft:trident":306,"minecraft:stone_sword":131,"minecraft:iron_shovel":67,"minecraft:chest":1,"minecraft:iron_sword":166,"minecraft:torch":7,"minecraft:dirt":1,"minecraft:furnace_minecart":1,"minecraft:wooden_axe":37,"minecraft:mangrove_stairs":2,"minecraft:lantern":2,"minecraft:rooted_dirt":2,"iceandfire:ghost_chest":1,"minecraft:smooth_basalt":1,"minecraft:item_frame":3,"minecraft:sweet_berries":3,"ironchests:copper_chest":1,"minecraft:calcite":9,"minecraft:stone_pickaxe":63,"minecraft:oak_planks":1,"minecraft:wooden_pickaxe":35,"minecraft:cracked_stone_bricks":2,"minecraft:cookie":11,"minecraft:crafting_table":6,"minecraft:mushroom_stew":22,"simplyswords:diamond_spear":272,"minecraft:white_bed":1,"minecraft:painting":1,"minecraft:mangrove_sign":1,"minecraft:cake":9,"minecraft:smoker":1,"minecraft:diamond_pickaxe":5,"minecraft:iron_pickaxe":212,"minecraft:soul_lantern":2,"minecraft:stone_axe":37,"minecraft:cobblestone":7,"minecraft:pumpkin_pie":31,"minecraft:coarse_dirt":1},"minecraft:killed_by":{"minecraft:skeleton":2},"minecraft:killed":{"minecraft:cave_spider":9,"minecraft:witch":2,"minecraft:vindicator":6,"minecraft:spider":12,"minecraft:zombie_horse":2,"minecraft:skeleton":27,"minecraft:chicken":1,"minecraft:drowned":6,"artifacts:mimic":4,"minecraft:husk":1,"minecraft:parrot":1,"minecraft:zombie_villager":1,"minecraft:creeper":4,"minecraft:sheep":3,"minecraft:pillager":12,"minecraft:zombie":18,"iceandfire:sea_serpent":2,"minecraft:cow":8}},"DataVersion":3465}