{"stats":{"minecraft:picked_up":{"minecraft:book":66,"minecraft:crafting_table":5,"minecraft:torch":2,"minecraft:potato":1,"minecraft:sand":2,"minecraft:spruce_log":13,"minecraft:item_frame":4,"minecraft:arrow":5,"minecraft:bone":5,"minecraft:cyan_carpet":1,"minecraft:rotten_flesh":1,"minecraft:diamond":6,"minecraft:apple":3,"zenith:gem":5,"minecraft:eye_armor_trim_smithing_template":1,"minecraft:iron_ingot":3,"minecraft:hay_block":15,"minecraft:cobweb":1,"minecraft:ender_eye":1,"minecraft:bread":3,"minecraft:iron_boots":1,"minecraft:coal_block":3,"minecraft:cobblestone":11,"minecraft:furnace":2},"minecraft:custom":{"minecraft:time_since_rest":24728,"minecraft:interact_with_furnace":5,"minecraft:sprint_one_cm":9754,"lootr:looted_stat":15,"minecraft:damage_taken":548,"minecraft:walk_one_cm":90277,"minecraft:mob_kills":10,"minecraft:drop":1,"minecraft:damage_dealt":1673,"minecraft:interact_with_crafting_table":8,"minecraft:fly_one_cm":5771,"minecraft:open_barrel":1,"minecraft:open_chest":1,"minecraft:crouch_one_cm":911,"minecraft:play_time":24728,"minecraft:sneak_time":312,"minecraft:damage_dealt_resisted":0,"minecraft:aviate_one_cm":7110,"minecraft:jump":83,"minecraft:eat_cake_slice":12,"minecraft:interact_with_blast_furnace":2,"minecraft:leave_game":8,"minecraft:time_since_death":24728,"minecraft:walk_on_water_one_cm":232,"minecraft:total_world_time":24728,"minecraft:fall_one_cm":2201},"minecraft:mined":{"minecraft:large_fern":1,"minecraft:hay_block":15,"minecraft:furnace":2,"minecraft:spruce_log":14,"minecraft:crafting_table":5,"minecraft:bookshelf":22,"minecraft:cyan_carpet":1,"minecraft:coal_block":3,"minecraft:cobblestone":1,"minecraft:stone":10,"minecraft:wall_torch":2,"minecraft:spawner":1,"minecraft:fern":1},"minecraft:dropped":{"minecraft:sand":2},"minecraft:used":{"minecraft:wooden_axe":34,"minecraft:stone_sword":69,"minecraft:iron_axe":22,"minecraft:stone_pickaxe":10,"minecraft:cyan_carpet":1,"minecraft:iron_pickaxe":3,"minecraft:chest":1,"minecraft:spruce_planks":1,"minecraft:wooden_pickaxe":17,"minecraft:rotten_flesh":1,"minecraft:torch":4,"minecraft:cobblestone":3,"minecraft:crafting_table":6,"minecraft:furnace":2,"minecraft:pumpkin_pie":3,"minecraft:cake":7},"minecraft:killed":{"minecraft:skeleton":4,"minecraft:cave_spider":1},"minecraft:crafted":{"minecraft:coal":27,"minecraft:iron_axe":1,"minecraft:crafting_table":1,"minecraft:spruce_planks":52,"minecraft:stick":12,"minecraft:wooden_pickaxe":1,"minecraft:stone_pickaxe":1,"minecraft:wooden_axe":1,"minecraft:stone_sword":1,"minecraft:chest":1,"minecraft:torch":8,"minecraft:bread":45,"minecraft:wheat":135},"minecraft:broken":{"minecraft:wooden_axe":1}},"DataVersion":3465}