{"stats":{"minecraft:killed_by":{"minecraft:skeleton":2},"minecraft:picked_up":{"sophisticatedbackpacks:gold_backpack":1,"minecraft:iron_chestplate":1,"minecraft:crafting_table":2,"minecraft:redstone_block":1,"minecraft:leather":10,"minecraft:smoker":2,"ironchests:copper_chest":1,"iceandfire:ectoplasm":3,"iceandfire:manuscript":3,"minecraft:lapis_block":1,"minecraft:string":5,"minecraft:dirt":1,"minecraft:lantern":2,"minecraft:item_frame":3,"minecraft:bone":13,"minecraft:cracked_stone_bricks":2,"minecraft:beef":20,"minecraft:calcite":9,"minecraft:coal_block":2,"minecraft:chest":1,"minecraft:iron_boots":1,"minecraft:raw_copper_block":1,"minecraft:book":27,"minecraft:raw_iron":3,"minecraft:stick":2,"iceandfire:ghost_chest":1,"minecraft:jukebox":1,"minecraft:sweet_berries":3,"minecraft:copper_ingot":1,"minecraft:raw_iron_block":1,"minecraft:spruce_sapling":1,"minecraft:blast_furnace":1,"minecraft:mangrove_sign":1,"minecraft:white_bed":1,"minecraft:spruce_log":26,"minecraft:spider_eye":1,"minecraft:arrow":24,"minecraft:mangrove_stairs":2,"zenith:gem":5,"minecraft:soul_lantern":2,"minecraft:painting":1,"minecraft:mutton":6,"minecraft:coal":1,"minecraft:white_wool":5,"minecraft:cobblestone":15},"minecraft:used":{"minecraft:calcite":9,"minecraft:trident":79,"minecraft:stone_sword":131,"minecraft:stone_pickaxe":44,"minecraft:chest":1,"minecraft:wooden_pickaxe":35,"minecraft:cracked_stone_bricks":2,"minecraft:dirt":1,"minecraft:crafting_table":3,"minecraft:mushroom_stew":8,"minecraft:white_bed":1,"minecraft:painting":1,"minecraft:mangrove_sign":1,"minecraft:cake":6,"minecraft:smoker":1,"minecraft:wooden_axe":37,"minecraft:mangrove_stairs":2,"minecraft:lantern":2,"iceandfire:ghost_chest":1,"minecraft:soul_lantern":2,"minecraft:stone_axe":32,"minecraft:sweet_berries":3,"ironchests:copper_chest":1},"minecraft:dropped":{"minecraft:item_frame":3,"minecraft:white_wool":1},"minecraft:crafted":{"ironchests:copper_chest":1,"minecraft:raw_iron":9,"minecraft:coal":18,"minecraft:crafting_table":1,"minecraft:spruce_planks":36,"minecraft:wooden_pickaxe":1,"minecraft:copper_ingot":8,"minecraft:stone_axe":1,"minecraft:air":0,"minecraft:raw_copper":9,"minecraft:stick":12,"minecraft:iron_ingot":9,"minecraft:stone_pickaxe":1,"minecraft:wooden_axe":1,"minecraft:stone_sword":1,"minecraft:chest":1,"minecraft:white_bed":1,"minecraft:torch":4},"minecraft:mined":{"ironchests:copper_chest":1,"minecraft:white_bed":1,"minecraft:mangrove_stairs":2,"minecraft:redstone_block":1,"minecraft:smoker":2,"minecraft:crafting_table":2,"minecraft:blast_furnace":1,"minecraft:calcite":10,"minecraft:grass_block":1,"iceandfire:ghost_chest":1,"minecraft:chest":1,"minecraft:coal_block":2,"minecraft:deepslate_coal_ore":1,"minecraft:spruce_leaves":10,"minecraft:spawner":5,"minecraft:raw_iron_block":1,"minecraft:lapis_block":1,"minecraft:iron_ore":3,"minecraft:sweet_berry_bush":1,"minecraft:spruce_log":28,"minecraft:jukebox":1,"minecraft:bookshelf":9,"minecraft:lantern":1,"minecraft:cracked_stone_bricks":2,"minecraft:raw_copper_block":1,"minecraft:stone":16},"minecraft:killed":{"minecraft:spider":2,"minecraft:sheep":3,"minecraft:skeleton":11,"minecraft:zombie":1,"minecraft:cow":7},"minecraft:custom":{"lootr:looted_stat":19,"minecraft:mob_kills":39,"minecraft:interact_with_cartography_table":1,"minecraft:interact_with_crafting_table":7,"minecraft:damage_dealt_resisted":0,"minecraft:eat_cake_slice":12,"minecraft:leave_game":1,"minecraft:time_since_death":19278,"minecraft:sleep_in_bed":3,"minecraft:climb_one_cm":2736,"minecraft:time_since_rest":6233,"minecraft:sprint_one_cm":46079,"minecraft:damage_taken":1494,"minecraft:walk_one_cm":262093,"minecraft:drop":2,"minecraft:damage_dealt":5583,"minecraft:damage_dealt_absorbed":82,"minecraft:fly_one_cm":43487,"minecraft:crouch_one_cm":3301,"minecraft:play_time":53931,"minecraft:deaths":2,"minecraft:sneak_time":5278,"minecraft:walk_under_water_one_cm":1311,"minecraft:interact_with_lectern":1,"minecraft:aviate_one_cm":212140,"minecraft:jump":216,"minecraft:interact_with_blast_furnace":5,"minecraft:walk_on_water_one_cm":793,"minecraft:total_world_time":53931,"minecraft:interact_with_smoker":3,"minecraft:fall_one_cm":5456},"minecraft:broken":{"minecraft:stone_sword":1,"minecraft:wooden_axe":1,"minecraft:wooden_pickaxe":1}},"DataVersion":3465}