{
  "tconstruct:tools/materials_and_you": {
    "criteria": {
      "crafted_book": "2024-10-10 22:58:31 +0000"
    },
    "done": true
  },
  "rpg_series:root": {
    "criteria": {
      "always": "2024-10-10 22:58:31 +0000"
    },
    "done": true
  },
  "advancednetherite:recipes/building_blocks/netherite_iron_block": {
    "criteria": {
      "has_the_recipe": "2024-10-10 22:58:31 +0000"
    },
    "done": true
  },
  "advancednetherite:recipes/netherite_gold_block": {
    "criteria": {
      "has_ingredients": "2024-10-10 22:58:31 +0000"
    },
    "done": true
  },
  "mcwfences:recipes/dark_oak": {
    "criteria": {
      "has_dark_oak": "2024-10-10 22:58:31 +0000"
    },
    "done": true
  },
  "advancednetherite:recipes/misc/netherite_diamond_ingot_from_block": {
    "criteria": {
      "has_the_recipe": "2024-10-10 22:58:31 +0000"
    },
    "done": true
  },
  "mcwfences:recipes/crimson": {
    "criteria": {
      "has_crimson": "2024-10-10 22:58:31 +0000"
    },
    "done": true
  },
  "mcwfences:recipes/prismarine": {
    "criteria": {
      "has_qq": "2024-10-10 22:58:31 +0000"
    },
    "done": true
  },
  "mcwfences:recipes/quartz": {
    "criteria": {
      "has_qq": "2024-10-10 22:58:31 +0000"
    },
    "done": true
  },
  "simplyswords:grant_book_on_first_join": {
    "criteria": {
      "tick": "2024-10-10 22:58:31 +0000"
    },
    "done": true
  },
  "minecraft:recipes/decorations/crafting_table": {
    "criteria": {
      "unlock_right_away": "2024-10-10 22:58:31 +0000"
    },
    "done": true
  },
  "mcwfences:recipes/jungle": {
    "criteria": {
      "has_jungle": "2024-10-10 22:58:31 +0000"
    },
    "done": true
  },
  "mcwfences:recipes/mangrove": {
    "criteria": {
      "has_mangrove": "2024-10-10 22:58:31 +0000"
    },
    "done": true
  },
  "mcwfences:recipes/warped": {
    "criteria": {
      "has_warped": "2024-10-10 22:58:31 +0000"
    },
    "done": true
  },
  "advancednetherite:recipes/building_blocks/netherite_diamond_block": {
    "criteria": {
      "has_the_recipe": "2024-10-10 22:58:31 +0000"
    },
    "done": true
  },
  "charm:core/mobs": {
    "criteria": {
      "player_joined": "2024-10-10 22:58:31 +0000"
    },
    "done": true
  },
  "mcwfences:recipes/nether": {
    "criteria": {
      "has_nether_brick": "2024-10-10 22:58:31 +0000"
    },
    "done": true
  },
  "charm:core/tools": {
    "criteria": {
      "player_joined": "2024-10-10 22:58:31 +0000"
    },
    "done": true
  },
  "iceandfire:iceandfire/root": {
    "criteria": {
      "tick": "2024-10-10 22:58:31 +0000"
    },
    "done": true
  },
  "mcwfences:recipes/bamboo": {
    "criteria": {
      "has_bamboo": "2024-10-10 22:58:31 +0000"
    },
    "done": true
  },
  "advancednetherite:recipes/building_blocks/netherite_gold_block": {
    "criteria": {
      "has_the_recipe": "2024-10-10 22:58:31 +0000"
    },
    "done": true
  },
  "advancednetherite:recipes/netherite_diamond_block": {
    "criteria": {
      "has_ingredients": "2024-10-10 22:58:31 +0000"
    },
    "done": true
  },
  "dungeons_arise:wda_root": {
    "criteria": {
      "WDA": "2024-10-10 22:58:31 +0000"
    },
    "done": true
  },
  "mcwfences:recipes/spruce": {
    "criteria": {
      "has_spruce": "2024-10-10 22:58:31 +0000"
    },
    "done": true
  },
  "charm:core/enchantments": {
    "criteria": {
      "player_joined": "2024-10-10 22:58:31 +0000"
    },
    "done": true
  },
  "charm:core/smithing": {
    "criteria": {
      "player_joined": "2024-10-10 22:58:31 +0000"
    },
    "done": true
  },
  "advancednetherite:recipes/misc/netherite_gold_ingot": {
    "criteria": {
      "has_the_recipe": "2024-10-10 22:58:31 +0000"
    },
    "done": true
  },
  "advancednetherite:recipes/misc/netherite_diamond_ingot": {
    "criteria": {
      "has_the_recipe": "2024-10-10 22:58:31 +0000"
    },
    "done": true
  },
  "zenith:give_book": {
    "criteria": {
      "tick": "2024-10-10 22:58:31 +0000"
    },
    "done": true
  },
  "advancednetherite:recipes/misc/netherite_gold_ingot_from_block": {
    "criteria": {
      "has_the_recipe": "2024-10-10 22:58:31 +0000"
    },
    "done": true
  },
  "mcwfences:recipes/birch": {
    "criteria": {
      "has_birch": "2024-10-10 22:58:31 +0000"
    },
    "done": true
  },
  "mcwfences:recipes/stone": {
    "criteria": {
      "has_stone": "2024-10-10 22:58:31 +0000"
    },
    "done": true
  },
  "mcwfences:recipes/end": {
    "criteria": {
      "has_end_brick": "2024-10-10 22:58:31 +0000"
    },
    "done": true
  },
  "advancednetherite:recipes/building_blocks/netherite_emerald_block": {
    "criteria": {
      "has_the_recipe": "2024-10-10 22:58:31 +0000"
    },
    "done": true
  },
  "advancednetherite:recipes/misc/netherite_iron_ingot_from_block": {
    "criteria": {
      "has_the_recipe": "2024-10-10 22:58:31 +0000"
    },
    "done": true
  },
  "mcwfences:recipes/sandstone": {
    "criteria": {
      "has_sand": "2024-10-10 22:58:31 +0000"
    },
    "done": true
  },
  "mcwfences:recipes/acacia": {
    "criteria": {
      "has_acacia": "2024-10-10 22:58:31 +0000"
    },
    "done": true
  },
  "mcwfences:recipes/oak": {
    "criteria": {
      "has_oak": "2024-10-10 22:58:31 +0000"
    },
    "done": true
  },
  "mcwfences:recipes/mud_brick": {
    "criteria": {
      "has_qq": "2024-10-10 22:58:31 +0000"
    },
    "done": true
  },
  "lootr:root": {
    "criteria": {
      "always_true": "2024-10-10 22:58:31 +0000"
    },
    "done": true
  },
  "mcwfences:recipes/blackstone": {
    "criteria": {
      "has_blackstone": "2024-10-10 22:58:31 +0000"
    },
    "done": true
  },
  "advancednetherite:recipes/misc/netherite_emerald_ingot": {
    "criteria": {
      "has_the_recipe": "2024-10-10 22:58:31 +0000"
    },
    "done": true
  },
  "mcwfences:recipes/hedge": {
    "criteria": {
      "has_birch": "2024-10-10 22:58:31 +0000"
    },
    "done": true
  },
  "charm:core/decoration": {
    "criteria": {
      "player_joined": "2024-10-10 22:58:31 +0000"
    },
    "done": true
  },
  "charm:core/automation": {
    "criteria": {
      "player_joined": "2024-10-10 22:58:31 +0000"
    },
    "done": true
  },
  "tconstruct:internal/starting_book": {
    "criteria": {
      "tick": "2024-10-10 22:58:31 +0000"
    },
    "done": true
  },
  "advancednetherite:recipes/misc/netherite_emerald_ingot_from_block": {
    "criteria": {
      "has_the_recipe": "2024-10-10 22:58:31 +0000"
    },
    "done": true
  },
  "advancednetherite:recipes/netherite_iron_block": {
    "criteria": {
      "has_ingredients": "2024-10-10 22:58:31 +0000"
    },
    "done": true
  },
  "mcwfences:recipes/deepslate": {
    "criteria": {
      "has_deepslate": "2024-10-10 22:58:31 +0000"
    },
    "done": true
  },
  "advancednetherite:recipes/netherite_ingots": {
    "criteria": {
      "has_ingredients": "2024-10-10 22:58:31 +0000"
    },
    "done": true
  },
  "advancednetherite:recipes/netherite_emerald_block": {
    "criteria": {
      "has_ingredients": "2024-10-10 22:58:31 +0000"
    },
    "done": true
  },
  "charm:core/root": {
    "criteria": {
      "player_joined": "2024-10-10 22:58:31 +0000"
    },
    "done": true
  },
  "advancednetherite:recipes/misc/netherite_iron_ingot": {
    "criteria": {
      "has_the_recipe": "2024-10-10 22:58:31 +0000"
    },
    "done": true
  },
  "things:root": {
    "criteria": {
      "tick": "2024-10-10 22:58:31 +0000"
    },
    "done": true
  },
  "charm:core/tweaks": {
    "criteria": {
      "player_joined": "2024-10-10 22:58:31 +0000"
    },
    "done": true
  },
  "minecraft:adventure/adventuring_time": {
    "criteria": {
      "minecraft:snowy_taiga": "2024-10-10 23:08:15 +0000"
    },
    "done": false
  },
  "mcwbridges:recipes/spruce_bridge_pier": {
    "criteria": {
      "has_planks": "2024-10-10 23:10:40 +0000"
    },
    "done": true
  },
  "minecraft:recipes/misc/charcoal": {
    "criteria": {
      "has_log": "2024-10-10 23:10:40 +0000"
    },
    "done": true
  },
  "naturescompass:natures_compass_log": {
    "criteria": {
      "has_log": "2024-10-10 23:10:40 +0000"
    },
    "done": true
  },
  "mcwfurnitures:recipes/spruce": {
    "criteria": {
      "has_wood": "2024-10-10 23:10:40 +0000"
    },
    "done": true
  },
  "mcwwindows:recipes/spruce": {
    "criteria": {
      "has_wood": "2024-10-10 23:10:40 +0000"
    },
    "done": true
  },
  "naturescompass:natures_compass_sapling": {
    "criteria": {
      "has_recipe": "2024-10-10 23:10:40 +0000"
    },
    "done": true
  },
  "minecraft:recipes/building_blocks/spruce_wood": {
    "criteria": {
      "has_log": "2024-10-10 23:10:40 +0000"
    },
    "done": true
  },
  "minecraft:recipes/building_blocks/spruce_planks": {
    "criteria": {
      "has_logs": "2024-10-10 23:10:40 +0000"
    },
    "done": true
  },
  "charm:vanilla_wood_variants/recipes/chiseled_spruce_bookshelf": {
    "criteria": {
      "has_planks": "2024-10-10 23:11:10 +0000"
    },
    "done": true
  },
  "charm:vanilla_wood_variants/recipes/spruce_ladder": {
    "criteria": {
      "has_planks": "2024-10-10 23:11:10 +0000"
    },
    "done": true
  },
  "mcwbridges:recipes/spruce_rail_bridge": {
    "criteria": {
      "has_planks": "2024-10-10 23:11:10 +0000"
    },
    "done": true
  },
  "adorn:recipes/spruce_kitchen_cupboard": {
    "criteria": {
      "has_planks": "2024-10-10 23:11:10 +0000"
    },
    "done": true
  },
  "mcwbridges:recipes/rope_spruce_bridge": {
    "criteria": {
      "has_planks": "2024-10-10 23:11:10 +0000"
    },
    "done": true
  },
  "adorn:recipes/crate": {
    "criteria": {
      "has_key_item_0": "2024-10-10 23:11:10 +0000"
    },
    "done": true
  },
  "minecraft:recipes/misc/stick": {
    "criteria": {
      "has_planks": "2024-10-10 23:11:10 +0000"
    },
    "done": true
  },
  "charm:woodcutters/recipes/woodcutter": {
    "criteria": {
      "has_planks": "2024-10-10 23:11:10 +0000"
    },
    "done": true
  },
  "minecraft:recipes/decorations/spruce_fence": {
    "criteria": {
      "has_planks": "2024-10-10 23:11:10 +0000"
    },
    "done": true
  },
  "minecraft:recipes/redstone/spruce_button": {
    "criteria": {
      "has_planks": "2024-10-10 23:11:10 +0000"
    },
    "done": true
  },
  "minecraft:recipes/redstone/spruce_pressure_plate": {
    "criteria": {
      "has_planks": "2024-10-10 23:11:10 +0000"
    },
    "done": true
  },
  "charm:vanilla_wood_variants/recipes/spruce_bookshelf": {
    "criteria": {
      "has_planks": "2024-10-10 23:11:10 +0000"
    },
    "done": true
  },
  "adorn:recipes/spruce_post": {
    "criteria": {
      "has_spruce_planks": "2024-10-10 23:11:10 +0000"
    },
    "done": true
  },
  "minecraft:recipes/decorations/barrel": {
    "criteria": {
      "has_planks": "2024-10-10 23:11:10 +0000"
    },
    "done": true
  },
  "charm:vanilla_wood_variants/recipes/spruce_barrel": {
    "criteria": {
      "has_planks": "2024-10-10 23:11:10 +0000"
    },
    "done": true
  },
  "adorn:recipes/spruce_kitchen_counter": {
    "criteria": {
      "has_planks": "2024-10-10 23:11:10 +0000"
    },
    "done": true
  },
  "minecraft:recipes/decorations/spruce_sign": {
    "criteria": {
      "has_planks": "2024-10-10 23:11:10 +0000"
    },
    "done": true
  },
  "iceandfire:recipes/misc/earplugs": {
    "criteria": {
      "has_item": "2024-10-10 23:11:10 +0000"
    },
    "done": true
  },
  "minecraft:recipes/building_blocks/spruce_slab": {
    "criteria": {
      "has_planks": "2024-10-10 23:11:10 +0000"
    },
    "done": true
  },
  "mcwbridges:recipes/spruce_log_bridge_middle": {
    "criteria": {
      "has_planks": "2024-10-10 23:11:10 +0000"
    },
    "done": true
  },
  "adorn:recipes/picket_fence": {
    "criteria": {
      "has_key_item_0": "2024-10-10 23:11:10 +0000"
    },
    "done": true
  },
  "adorn:recipes/spruce_kitchen_sink": {
    "criteria": {
      "has_planks": "2024-10-10 23:11:10 +0000"
    },
    "done": true
  },
  "minecraft:recipes/redstone/spruce_trapdoor": {
    "criteria": {
      "has_planks": "2024-10-10 23:11:10 +0000"
    },
    "done": true
  },
  "minecraft:recipes/redstone/spruce_door": {
    "criteria": {
      "has_planks": "2024-10-10 23:11:10 +0000"
    },
    "done": true
  },
  "minecraft:recipes/redstone/spruce_fence_gate": {
    "criteria": {
      "has_planks": "2024-10-10 23:11:10 +0000"
    },
    "done": true
  },
  "charm:vanilla_wood_variants/recipes/spruce_chest": {
    "criteria": {
      "has_planks": "2024-10-10 23:11:10 +0000"
    },
    "done": true
  },
  "minecraft:recipes/building_blocks/spruce_stairs": {
    "criteria": {
      "has_planks": "2024-10-10 23:11:10 +0000"
    },
    "done": true
  },
  "minecraft:story/root": {
    "criteria": {
      "crafting_table": "2024-10-10 23:11:15 +0000"
    },
    "done": true
  },
  "minecraft:recipes/decorations/ladder": {
    "criteria": {
      "has_stick": "2024-10-10 23:11:23 +0000"
    },
    "done": true
  },
  "tconstruct:recipes/misc/tables/pattern": {
    "criteria": {
      "has_item": "2024-10-10 23:11:23 +0000"
    },
    "done": true
  },
  "minecraft:recipes/tools/wooden_axe": {
    "criteria": {
      "has_stick": "2024-10-10 23:11:23 +0000"
    },
    "done": true
  },
  "charm:vanilla_wood_variants/recipes/warped_ladder": {
    "criteria": {
      "has_stick": "2024-10-10 23:11:23 +0000"
    },
    "done": true
  },
  "charm:vanilla_wood_variants/recipes/jungle_ladder": {
    "criteria": {
      "has_stick": "2024-10-10 23:11:23 +0000"
    },
    "done": true
  },
  "xercapaint:recipes/item_easel": {
    "criteria": {
      "has_item": "2024-10-10 23:11:23 +0000"
    },
    "done": true
  },
  "charm:vanilla_wood_variants/recipes/bamboo_ladder": {
    "criteria": {
      "has_stick": "2024-10-10 23:11:23 +0000"
    },
    "done": true
  },
  "charm:extra_recipes/recipes/soul_torch": {
    "criteria": {
      "has_stick": "2024-10-10 23:11:23 +0000"
    },
    "done": true
  },
  "mcwwindows:recipes/curtain_rods": {
    "criteria": {
      "has_wood": "2024-10-10 23:11:23 +0000"
    },
    "done": true
  },
  "charm:vanilla_wood_variants/recipes/dark_oak_ladder": {
    "criteria": {
      "has_stick": "2024-10-10 23:11:23 +0000"
    },
    "done": true
  },
  "charm:vanilla_wood_variants/recipes/crimson_ladder": {
    "criteria": {
      "has_stick": "2024-10-10 23:11:23 +0000"
    },
    "done": true
  },
  "minecraft:recipes/decorations/campfire": {
    "criteria": {
      "has_stick": "2024-10-10 23:11:23 +0000"
    },
    "done": true
  },
  "minecraft:recipes/tools/wooden_hoe": {
    "criteria": {
      "has_stick": "2024-10-10 23:11:23 +0000"
    },
    "done": true
  },
  "minecraft:recipes/tools/wooden_shovel": {
    "criteria": {
      "has_stick": "2024-10-10 23:11:23 +0000"
    },
    "done": true
  },
  "minecraft:recipes/combat/wooden_sword": {
    "criteria": {
      "has_stick": "2024-10-10 23:11:23 +0000"
    },
    "done": true
  },
  "matchbox:recipes/matchbox": {
    "criteria": {
      "has_stick": "2024-10-10 23:11:23 +0000"
    },
    "done": false
  },
  "charm:azalea_wood/recipes/azalea_ladder": {
    "criteria": {
      "has_stick": "2024-10-10 23:11:23 +0000"
    },
    "done": true
  },
  "charm:vanilla_wood_variants/recipes/oak_ladder": {
    "criteria": {
      "has_stick": "2024-10-10 23:11:23 +0000"
    },
    "done": true
  },
  "charm:vanilla_wood_variants/recipes/mangrove_ladder": {
    "criteria": {
      "has_stick": "2024-10-10 23:11:23 +0000"
    },
    "done": true
  },
  "charm:vanilla_wood_variants/recipes/birch_ladder": {
    "criteria": {
      "has_stick": "2024-10-10 23:11:23 +0000"
    },
    "done": true
  },
  "charm:vanilla_wood_variants/recipes/cherry_ladder": {
    "criteria": {
      "has_stick": "2024-10-10 23:11:23 +0000"
    },
    "done": true
  },
  "charm:vanilla_wood_variants/recipes/acacia_ladder": {
    "criteria": {
      "has_stick": "2024-10-10 23:11:23 +0000"
    },
    "done": true
  },
  "minecraft:recipes/tools/wooden_pickaxe": {
    "criteria": {
      "has_stick": "2024-10-10 23:11:23 +0000"
    },
    "done": true
  },
  "croparia:recipes/decorations/greenhouse": {
    "criteria": {
      "has_stick": "2024-10-10 23:11:23 +0000"
    },
    "done": true
  },
  "minecraft:recipes/decorations/chest": {
    "criteria": {
      "has_lots_of_items": "2024-10-10 23:22:58 +0000"
    },
    "done": true
  },
  "zenith:affix/gem": {
    "criteria": {
      "gem": "2024-10-10 23:22:58 +0000"
    },
    "done": true
  },
  "minecraft:recipes/decorations/glow_item_frame": {
    "criteria": {
      "has_item_frame": "2024-10-10 23:22:59 +0000"
    },
    "done": true
  },
  "charm:vanilla_wood_variants/recipes/dark_oak_bookshelf": {
    "criteria": {
      "has_book": "2024-10-10 23:23:46 +0000"
    },
    "done": true
  },
  "adorn:recipes/guide_book": {
    "criteria": {
      "has_key_item_0": "2024-10-10 23:23:46 +0000"
    },
    "done": true
  },
  "minecraft:recipes/redstone/lectern": {
    "criteria": {
      "has_book": "2024-10-10 23:23:46 +0000"
    },
    "done": true
  },
  "minecraft:recipes/misc/writable_book": {
    "criteria": {
      "has_book": "2024-10-10 23:23:46 +0000"
    },
    "done": true
  },
  "adorn:recipes/traders_manual": {
    "criteria": {
      "has_key_item_0": "2024-10-10 23:23:46 +0000"
    },
    "done": true
  },
  "charm:vanilla_wood_variants/recipes/oak_bookshelf": {
    "criteria": {
      "has_book": "2024-10-10 23:23:46 +0000"
    },
    "done": true
  },
  "charm:vanilla_wood_variants/recipes/mangrove_bookshelf": {
    "criteria": {
      "has_book": "2024-10-10 23:23:46 +0000"
    },
    "done": true
  },
  "charm:vanilla_wood_variants/recipes/jungle_bookshelf": {
    "criteria": {
      "has_book": "2024-10-10 23:23:46 +0000"
    },
    "done": true
  },
  "minecraft:recipes/building_blocks/bookshelf": {
    "criteria": {
      "has_book": "2024-10-10 23:23:46 +0000"
    },
    "done": true
  },
  "charm:vanilla_wood_variants/recipes/birch_bookshelf": {
    "criteria": {
      "has_book": "2024-10-10 23:23:46 +0000"
    },
    "done": true
  },
  "minecraft:recipes/building_blocks/chiseled_bookshelf": {
    "criteria": {
      "has_book": "2024-10-10 23:23:46 +0000"
    },
    "done": true
  },
  "charm:vanilla_wood_variants/recipes/acacia_bookshelf": {
    "criteria": {
      "has_book": "2024-10-10 23:23:46 +0000"
    },
    "done": true
  },
  "croptopia:recipes/documentation": {
    "criteria": {
      "has_book": "2024-10-10 23:23:46 +0000"
    },
    "done": true
  },
  "charm:vanilla_wood_variants/recipes/warped_bookshelf": {
    "criteria": {
      "has_book": "2024-10-10 23:23:46 +0000"
    },
    "done": true
  },
  "charm:vanilla_wood_variants/recipes/cherry_bookshelf": {
    "criteria": {
      "has_book": "2024-10-10 23:23:46 +0000"
    },
    "done": true
  },
  "charm:vanilla_wood_variants/recipes/crimson_bookshelf": {
    "criteria": {
      "has_book": "2024-10-10 23:23:46 +0000"
    },
    "done": true
  },
  "charm:azalea_wood/recipes/azalea_bookshelf": {
    "criteria": {
      "has_book": "2024-10-10 23:23:46 +0000"
    },
    "done": true
  },
  "charm:vanilla_wood_variants/recipes/bamboo_bookshelf": {
    "criteria": {
      "has_book": "2024-10-10 23:23:46 +0000"
    },
    "done": true
  },
  "lootr:social": {
    "criteria": {
      "opened_barrel": "2024-10-11 03:08:37 +0000",
      "opened_chest": "2024-10-10 23:23:47 +0000"
    },
    "done": false
  },
  "lootr:1chest": {
    "criteria": {
      "opened_chest": "2024-10-10 23:23:47 +0000"
    },
    "done": true
  },
  "zenith:affix/root": {
    "criteria": {
      "sword": "2024-10-10 23:23:49 +0000"
    },
    "done": true
  },
  "minecraft:recipes/tools/golden_axe": {
    "criteria": {
      "has_gold_ingot": "2024-10-10 23:23:52 +0000"
    },
    "done": true
  },
  "minecraft:recipes/tools/golden_pickaxe": {
    "criteria": {
      "has_gold_ingot": "2024-10-10 23:23:52 +0000"
    },
    "done": true
  },
  "minecraft:recipes/misc/gold_nugget": {
    "criteria": {
      "has_gold_ingot": "2024-10-10 23:23:52 +0000"
    },
    "done": true
  },
  "tconstruct:recipes/misc/common/gold_platform": {
    "criteria": {
      "has_gold": "2024-10-10 23:23:52 +0000"
    },
    "done": true
  },
  "minecraft:recipes/tools/golden_shovel": {
    "criteria": {
      "has_gold_ingot": "2024-10-10 23:23:52 +0000"
    },
    "done": true
  },
  "minecraft:recipes/food/golden_apple": {
    "criteria": {
      "has_gold_ingot": "2024-10-10 23:23:52 +0000"
    },
    "done": true
  },
  "minecraft:recipes/combat/golden_boots": {
    "criteria": {
      "has_gold_ingot": "2024-10-10 23:23:52 +0000"
    },
    "done": true
  },
  "minecraft:recipes/combat/golden_chestplate": {
    "criteria": {
      "has_gold_ingot": "2024-10-10 23:23:52 +0000"
    },
    "done": true
  },
  "minecraft:recipes/redstone/light_weighted_pressure_plate": {
    "criteria": {
      "has_gold_ingot": "2024-10-10 23:23:52 +0000"
    },
    "done": true
  },
  "tconstruct:recipes/misc/common/gold_bars": {
    "criteria": {
      "has_ingot": "2024-10-10 23:23:52 +0000"
    },
    "done": true
  },
  "minecraft:recipes/combat/golden_sword": {
    "criteria": {
      "has_gold_ingot": "2024-10-10 23:23:52 +0000"
    },
    "done": true
  },
  "minecraft:recipes/building_blocks/gold_block": {
    "criteria": {
      "has_gold_ingot": "2024-10-10 23:23:52 +0000"
    },
    "done": true
  },
  "extended_drawers:recipes/tools/lock": {
    "criteria": {
      "has_gold_ingot": "2024-10-10 23:23:52 +0000"
    },
    "done": true
  },
  "genshinstrument:recipes/nightwind_horn": {
    "criteria": {
      "has_main": "2024-10-10 23:23:52 +0000"
    },
    "done": true
  },
  "tconstruct:recipes/misc/tools/modifiers/silky_cloth": {
    "criteria": {
      "has_item": "2024-10-10 23:23:52 +0000"
    },
    "done": true
  },
  "minecraft:recipes/combat/golden_helmet": {
    "criteria": {
      "has_gold_ingot": "2024-10-10 23:23:52 +0000"
    },
    "done": true
  },
  "croparia:recipes/misc/seed_crop_gold": {
    "criteria": {
      "has_gold_ingot": "2024-10-10 23:23:52 +0000"
    },
    "done": true
  },
  "minecraft:recipes/tools/golden_hoe": {
    "criteria": {
      "has_gold_ingot": "2024-10-10 23:23:52 +0000"
    },
    "done": true
  },
  "minecraft:recipes/combat/golden_leggings": {
    "criteria": {
      "has_gold_ingot": "2024-10-10 23:23:52 +0000"
    },
    "done": true
  },
  "magnumtorch:recipes/decorations/emerald_magnum_torch": {
    "criteria": {
      "has_emerald": "2024-10-10 23:23:53 +0000"
    },
    "done": true
  },
  "adorn:recipes/trading_station": {
    "criteria": {
      "has_emerald": "2024-10-10 23:23:53 +0000"
    },
    "done": true
  },
  "minecraft:recipes/building_blocks/emerald_block": {
    "criteria": {
      "has_emerald": "2024-10-10 23:23:53 +0000"
    },
    "done": true
  },
  "croparia:recipes/misc/seed_crop_emerald": {
    "criteria": {
      "has_emerald": "2024-10-10 23:23:53 +0000"
    },
    "done": true
  },
  "croparia:recipes/misc/elematilius": {
    "criteria": {
      "has_emerald": "2024-10-10 23:23:53 +0000"
    },
    "done": true
  },
  "zenith:affix/rare_gem": {
    "criteria": {
      "gem": "2024-10-10 23:23:57 +0000"
    },
    "done": true
  },
  "croptopia:recipes/misc/apple_juice": {
    "criteria": {
      "has_apple": "2024-10-11 03:08:43 +0000"
    },
    "done": true
  },
  "minecraft:recipes/misc/eye_armor_trim_smithing_template_smithing_trim": {
    "criteria": {
      "has_smithing_trim_template": "2024-10-11 03:17:33 +0000"
    },
    "done": true
  },
  "croparia:recipes/misc/seed_crop_coal": {
    "criteria": {
      "has_coal": "2024-10-11 03:09:18 +0000"
    },
    "done": true
  },
  "croparia:recipes/misc/seed_crop_diamond": {
    "criteria": {
      "has_diamond": "2024-10-11 03:10:13 +0000"
    },
    "done": true
  },
  "minecraft:recipes/building_blocks/red_concrete_powder": {
    "criteria": {
      "has_sand": "2024-10-11 03:12:07 +0000"
    },
    "done": true
  },
  "minecraft:recipes/combat/diamond_sword": {
    "criteria": {
      "has_diamond": "2024-10-11 03:10:13 +0000"
    },
    "done": true
  },
  "minecraft:recipes/decorations/jukebox": {
    "criteria": {
      "has_diamond": "2024-10-11 03:10:13 +0000"
    },
    "done": true
  },
  "minecraft:recipes/combat/iron_helmet": {
    "criteria": {
      "has_iron_ingot": "2024-10-11 03:10:12 +0000"
    },
    "done": true
  },
  "minecraft:recipes/combat/diamond_chestplate": {
    "criteria": {
      "has_diamond": "2024-10-11 03:10:13 +0000"
    },
    "done": true
  },
  "minecraft:story/mine_stone": {
    "criteria": {
      "get_stone": "2024-10-11 03:06:57 +0000"
    },
    "done": true
  },
  "minecraft:recipes/decorations/furnace": {
    "criteria": {
      "has_cobblestone": "2024-10-11 03:06:57 +0000"
    },
    "done": true
  },
  "minecraft:recipes/food/beetroot_soup": {
    "criteria": {
      "has_beetroot": "2024-10-11 03:18:39 +0000"
    },
    "done": true
  },
  "minecraft:recipes/building_blocks/green_concrete_powder": {
    "criteria": {
      "has_sand": "2024-10-11 03:12:07 +0000"
    },
    "done": true
  },
  "minecraft:recipes/decorations/end_crystal": {
    "criteria": {
      "has_ender_eye": "2024-10-11 03:17:32 +0000"
    },
    "done": true
  },
  "croparia:recipes/misc/seed_crop_bread": {
    "criteria": {
      "has_bread": "2024-10-11 03:09:04 +0000"
    },
    "done": true
  },
  "croptopia:recipes/potato_chips": {
    "criteria": {
      "has_potato": "2024-10-11 03:12:11 +0000"
    },
    "done": true
  },
  "minecraft:recipes/building_blocks/blue_concrete_powder": {
    "criteria": {
      "has_sand": "2024-10-11 03:12:07 +0000"
    },
    "done": true
  },
  "minecraft:recipes/misc/coal": {
    "criteria": {
      "has_coal_block": "2024-10-11 03:08:23 +0000"
    },
    "done": true
  },
  "matchbox:recipes/detacher": {
    "criteria": {
      "has_iron": "2024-10-11 03:10:12 +0000"
    },
    "done": true
  },
  "minecraft:recipes/tools/shears": {
    "criteria": {
      "has_iron_ingot": "2024-10-11 03:10:12 +0000"
    },
    "done": true
  },
  "minecraft:recipes/tools/spyglass": {
    "criteria": {
      "has_amethyst_shard": "2024-10-11 03:28:15 +0000"
    },
    "done": true
  },
  "zenith:affix/rare": {
    "criteria": {
      "sword": "2024-10-11 03:17:12 +0000"
    },
    "done": true
  },
  "tconstruct:recipes/misc/common/iron_platform": {
    "criteria": {
      "has_bars": "2024-10-11 03:10:12 +0000"
    },
    "done": true
  },
  "minecraft:recipes/building_blocks/cobblestone_slab_from_cobblestone_stonecutting": {
    "criteria": {
      "has_cobblestone": "2024-10-11 03:06:57 +0000"
    },
    "done": true
  },
  "minecraft:recipes/transportation/cherry_boat": {
    "criteria": {
      "in_water": "2024-10-11 03:06:40 +0000"
    },
    "done": true
  },
  "minecraft:recipes/tools/diamond_pickaxe": {
    "criteria": {
      "has_diamond": "2024-10-11 03:10:13 +0000"
    },
    "done": true
  },
  "minecraft:adventure/kill_all_mobs": {
    "criteria": {
      "minecraft:skeleton": "2024-10-11 03:15:24 +0000",
      "minecraft:husk": "2024-10-11 03:11:35 +0000",
      "minecraft:cave_spider": "2024-10-11 03:17:31 +0000",
      "minecraft:zombie": "2024-10-11 03:12:06 +0000"
    },
    "done": false
  },
  "minecraft:recipes/building_blocks/iron_block": {
    "criteria": {
      "has_iron_ingot": "2024-10-11 03:10:12 +0000"
    },
    "done": true
  },
  "adorn:recipes/iron_shelf": {
    "criteria": {
      "has_iron_ingot": "2024-10-11 03:10:12 +0000"
    },
    "done": true
  },
  "minecraft:recipes/building_blocks/stone": {
    "criteria": {
      "has_cobblestone": "2024-10-11 03:06:57 +0000"
    },
    "done": true
  },
  "minecraft:recipes/transportation/bamboo_raft": {
    "criteria": {
      "in_water": "2024-10-11 03:06:40 +0000"
    },
    "done": true
  },
  "minecraft:recipes/food/bread": {
    "criteria": {
      "has_wheat": "2024-10-11 03:12:55 +0000"
    },
    "done": true
  },
  "minecraft:recipes/building_blocks/hay_block": {
    "criteria": {
      "has_wheat": "2024-10-11 03:12:55 +0000"
    },
    "done": true
  },
  "minecraft:recipes/redstone/target": {
    "criteria": {
      "has_hay_block": "2024-10-11 03:08:46 +0000"
    },
    "done": true
  },
  "minecraft:recipes/tools/diamond_hoe": {
    "criteria": {
      "has_diamond": "2024-10-11 03:10:13 +0000"
    },
    "done": true
  },
  "minecraft:recipes/tools/diamond_shovel": {
    "criteria": {
      "has_diamond": "2024-10-11 03:10:13 +0000"
    },
    "done": true
  },
  "croptopia:recipes/misc/apple_sapling": {
    "criteria": {
      "has_apple": "2024-10-11 03:08:43 +0000"
    },
    "done": true
  },
  "mcwbridges:recipes/iron_bridge_pier": {
    "criteria": {
      "has_planks": "2024-10-11 03:10:12 +0000"
    },
    "done": true
  },
  "extended_drawers:recipes/decorations/double_drawer": {
    "criteria": {
      "has_chest": "2024-10-11 03:14:26 +0000"
    },
    "done": true
  },
  "zenith:affix/chests": {
    "criteria": {
      "sword": "2024-10-11 03:09:07 +0000"
    },
    "done": true
  },
  "croparia:recipes/misc/seed_crop_iron": {
    "criteria": {
      "has_iron_ingot": "2024-10-11 03:10:12 +0000"
    },
    "done": true
  },
  "croptopia:recipes/campfire_toast": {
    "criteria": {
      "has_bread": "2024-10-11 03:09:04 +0000"
    },
    "done": true
  },
  "minecraft:recipes/building_blocks/lime_concrete_powder": {
    "criteria": {
      "has_sand": "2024-10-11 03:12:07 +0000"
    },
    "done": true
  },
  "croptopia:recipes/misc/mortar_and_pestle": {
    "criteria": {
      "has_bowl": "2024-10-11 03:29:14 +0000"
    },
    "done": true
  },
  "minecraft:recipes/redstone/hopper": {
    "criteria": {
      "has_iron_ingot": "2024-10-11 03:10:12 +0000"
    },
    "done": true
  },
  "minecraft:recipes/redstone/calibrated_sculk_sensor": {
    "criteria": {
      "has_amethyst_shard": "2024-10-11 03:28:15 +0000"
    },
    "done": true
  },
  "minecraft:recipes/building_blocks/tinted_glass": {
    "criteria": {
      "has_amethyst_shard": "2024-10-11 03:28:15 +0000"
    },
    "done": true
  },
  "charm:auto_restock/restock_current_item": {
    "criteria": {
      "restocked_current_item": "2024-10-11 03:14:00 +0000"
    },
    "done": true
  },
  "minecraft:recipes/building_blocks/orange_concrete_powder": {
    "criteria": {
      "has_sand": "2024-10-11 03:12:07 +0000"
    },
    "done": true
  },
  "charm:kilns/recipes/kiln": {
    "criteria": {
      "has_furnace": "2024-10-11 03:06:52 +0000"
    },
    "done": true
  },
  "minecraft:recipes/combat/iron_boots": {
    "criteria": {
      "has_iron_ingot": "2024-10-11 03:10:12 +0000"
    },
    "done": true
  },
  "croptopia:recipes/misc/frying_pan": {
    "criteria": {
      "has_iron": "2024-10-11 03:10:12 +0000"
    },
    "done": true
  },
  "minecraft:recipes/tools/stone_pickaxe": {
    "criteria": {
      "has_cobblestone": "2024-10-11 03:06:57 +0000"
    },
    "done": true
  },
  "minecraft:recipes/decorations/lantern": {
    "criteria": {
      "has_iron_ingot": "2024-10-11 03:10:12 +0000"
    },
    "done": true
  },
  "malum:recipes/misc/coal_from_fragment": {
    "criteria": {
      "has_coal": "2024-10-11 03:09:18 +0000"
    },
    "done": true
  },
  "minecraft:recipes/building_blocks/magenta_concrete_powder": {
    "criteria": {
      "has_sand": "2024-10-11 03:12:07 +0000"
    },
    "done": true
  },
  "minecraft:recipes/misc/red_dye_from_beetroot": {
    "criteria": {
      "has_beetroot": "2024-10-11 03:18:39 +0000"
    },
    "done": true
  },
  "minecraft:recipes/tools/iron_shovel": {
    "criteria": {
      "has_iron_ingot": "2024-10-11 03:10:12 +0000"
    },
    "done": true
  },
  "minecraft:recipes/combat/diamond_helmet": {
    "criteria": {
      "has_diamond": "2024-10-11 03:10:13 +0000"
    },
    "done": true
  },
  "lootr:1barrel": {
    "criteria": {
      "opened_barrel": "2024-10-11 03:08:37 +0000"
    },
    "done": true
  },
  "goml:recipes/all_recipes": {
    "criteria": {
      "has_chest": "2024-10-11 03:28:43 +0000"
    },
    "done": true
  },
  "mcwbridges:recipes/bridge_lantern": {
    "criteria": {
      "has_planks": "2024-10-11 03:09:18 +0000"
    },
    "done": true
  },
  "minecraft:recipes/building_blocks/cobblestone_slab": {
    "criteria": {
      "has_cobblestone": "2024-10-11 03:06:57 +0000"
    },
    "done": true
  },
  "mcwbridges:recipes/iron_bridge": {
    "criteria": {
      "has_planks": "2024-10-11 03:10:12 +0000"
    },
    "done": true
  },
  "minecraft:recipes/transportation/acacia_boat": {
    "criteria": {
      "in_water": "2024-10-11 03:06:40 +0000"
    },
    "done": true
  },
  "minecraft:recipes/redstone/iron_trapdoor": {
    "criteria": {
      "has_iron_ingot": "2024-10-11 03:10:12 +0000"
    },
    "done": true
  },
  "minecraft:adventure/root": {
    "criteria": {
      "killed_something": "2024-10-11 03:10:50 +0000"
    },
    "done": true
  },
  "adorn:recipes/chain_link_fence": {
    "criteria": {
      "has_key_item_0": "2024-10-11 03:10:12 +0000"
    },
    "done": true
  },
  "croptopia:recipes/misc/knife": {
    "criteria": {
      "has_iron": "2024-10-11 03:10:12 +0000"
    },
    "done": true
  },
  "minecraft:recipes/building_blocks/black_concrete_powder": {
    "criteria": {
      "has_sand": "2024-10-11 03:12:07 +0000"
    },
    "done": true
  },
  "minecraft:recipes/combat/crossbow": {
    "criteria": {
      "has_iron_ingot": "2024-10-11 03:10:12 +0000"
    },
    "done": true
  },
  "croparia:recipes/misc/seed_crop_bone": {
    "criteria": {
      "has_bone": "2024-10-11 03:15:25 +0000"
    },
    "done": true
  },
  "mcwbridges:recipes/bridge_torch": {
    "criteria": {
      "has_planks": "2024-10-11 03:09:27 +0000"
    },
    "done": true
  },
  "minecraft:recipes/decorations/cobblestone_wall_from_cobblestone_stonecutting": {
    "criteria": {
      "has_cobblestone": "2024-10-11 03:06:57 +0000"
    },
    "done": true
  },
  "minecraft:recipes/building_blocks/diamond_block": {
    "criteria": {
      "has_diamond": "2024-10-11 03:10:13 +0000"
    },
    "done": true
  },
  "charm:kilns/recipes/stone": {
    "criteria": {
      "has_cobblestone": "2024-10-11 03:06:57 +0000"
    },
    "done": true
  },
  "minecraft:recipes/building_blocks/cobblestone_stairs": {
    "criteria": {
      "has_cobblestone": "2024-10-11 03:06:57 +0000"
    },
    "done": true
  },
  "croptopia:recipes/flour": {
    "criteria": {
      "has_grain": "2024-10-11 03:12:55 +0000"
    },
    "done": true
  },
  "minecraft:recipes/building_blocks/purple_concrete_powder": {
    "criteria": {
      "has_sand": "2024-10-11 03:12:07 +0000"
    },
    "done": true
  },
  "minecraft:recipes/decorations/ender_chest": {
    "criteria": {
      "has_ender_eye": "2024-10-11 03:17:32 +0000"
    },
    "done": true
  },
  "minecraft:story/mine_diamond": {
    "criteria": {
      "diamond": "2024-10-11 03:10:13 +0000"
    },
    "done": true
  },
  "minecraft:recipes/building_blocks/cyan_concrete_powder": {
    "criteria": {
      "has_sand": "2024-10-11 03:12:07 +0000"
    },
    "done": true
  },
  "minecraft:recipes/tools/stone_shovel": {
    "criteria": {
      "has_cobblestone": "2024-10-11 03:06:57 +0000"
    },
    "done": true
  },
  "croptopia:recipes/food/toast_from_bread": {
    "criteria": {
      "has_bread": "2024-10-11 03:09:04 +0000"
    },
    "done": true
  },
  "minecraft:recipes/transportation/jungle_boat": {
    "criteria": {
      "in_water": "2024-10-11 03:06:40 +0000"
    },
    "done": true
  },
  "minecraft:recipes/redstone/heavy_weighted_pressure_plate": {
    "criteria": {
      "has_iron_ingot": "2024-10-11 03:10:12 +0000"
    },
    "done": true
  },
  "minecraft:recipes/redstone/lever": {
    "criteria": {
      "has_cobblestone": "2024-10-11 03:06:57 +0000"
    },
    "done": true
  },
  "minecraft:recipes/combat/iron_leggings": {
    "criteria": {
      "has_iron_ingot": "2024-10-11 03:10:12 +0000"
    },
    "done": true
  },
  "adorn:recipes/cyan_table_lamp": {
    "criteria": {
      "has_carpet": "2024-10-11 03:19:24 +0000"
    },
    "done": true
  },
  "minecraft:recipes/building_blocks/light_gray_concrete_powder": {
    "criteria": {
      "has_sand": "2024-10-11 03:12:07 +0000"
    },
    "done": true
  },
  "minecraft:recipes/building_blocks/pink_concrete_powder": {
    "criteria": {
      "has_sand": "2024-10-11 03:12:07 +0000"
    },
    "done": true
  },
  "minecraft:story/obtain_armor": {
    "criteria": {
      "iron_boots": "2024-10-11 03:17:12 +0000"
    },
    "done": true
  },
  "minecraft:recipes/combat/diamond_leggings": {
    "criteria": {
      "has_diamond": "2024-10-11 03:10:13 +0000"
    },
    "done": true
  },
  "minecraft:recipes/misc/iron_nugget_from_smelting": {
    "criteria": {
      "has_iron_pickaxe": "2024-10-11 03:09:07 +0000"
    },
    "done": true
  },
  "minecraft:recipes/food/baked_potato_from_campfire_cooking": {
    "criteria": {
      "has_potato": "2024-10-11 03:12:11 +0000"
    },
    "done": true
  },
  "minecraft:story/iron_tools": {
    "criteria": {
      "iron_pickaxe": "2024-10-11 03:09:07 +0000"
    },
    "done": true
  },
  "minecraft:recipes/combat/iron_chestplate": {
    "criteria": {
      "has_iron_ingot": "2024-10-11 03:10:12 +0000"
    },
    "done": true
  },
  "minecraft:recipes/combat/stone_sword": {
    "criteria": {
      "has_cobblestone": "2024-10-11 03:06:57 +0000"
    },
    "done": true
  },
  "minecraft:recipes/decorations/cobblestone_wall": {
    "criteria": {
      "has_cobblestone": "2024-10-11 03:06:57 +0000"
    },
    "done": true
  },
  "croparia:recipes/misc/seed_crop_zombie": {
    "criteria": {
      "has_rotten_flesh": "2024-10-11 03:12:07 +0000"
    },
    "done": true
  },
  "minecraft:recipes/tools/stone_axe": {
    "criteria": {
      "has_cobblestone": "2024-10-11 03:06:57 +0000"
    },
    "done": true
  },
  "minecraft:recipes/misc/iron_nugget": {
    "criteria": {
      "has_iron_ingot": "2024-10-11 03:10:12 +0000"
    },
    "done": true
  },
  "minecraft:recipes/building_blocks/brown_concrete_powder": {
    "criteria": {
      "has_sand": "2024-10-11 03:12:07 +0000"
    },
    "done": true
  },
  "minecraft:recipes/misc/bucket": {
    "criteria": {
      "has_iron_ingot": "2024-10-11 03:10:12 +0000"
    },
    "done": true
  },
  "minecraft:recipes/building_blocks/light_blue_concrete_powder": {
    "criteria": {
      "has_sand": "2024-10-11 03:12:07 +0000"
    },
    "done": true
  },
  "minecraft:recipes/building_blocks/glass": {
    "criteria": {
      "has_smelts_to_glass": "2024-10-11 03:12:07 +0000"
    },
    "done": true
  },
  "minecraft:recipes/transportation/minecart": {
    "criteria": {
      "has_iron_ingot": "2024-10-11 03:10:12 +0000"
    },
    "done": true
  },
  "minecraft:recipes/tools/iron_hoe": {
    "criteria": {
      "has_iron_ingot": "2024-10-11 03:10:12 +0000"
    },
    "done": true
  },
  "minecraft:recipes/misc/bowl": {
    "criteria": {
      "has_mushroom_stew": "2024-10-11 03:29:07 +0000"
    },
    "done": true
  },
  "minecraft:recipes/food/baked_potato": {
    "criteria": {
      "has_potato": "2024-10-11 03:12:11 +0000"
    },
    "done": true
  },
  "charm:kilns/recipes/glass": {
    "criteria": {
      "has_sand": "2024-10-11 03:12:07 +0000"
    },
    "done": true
  },
  "adorn:recipes/cobblestone_post": {
    "criteria": {
      "has_cobblestone": "2024-10-11 03:06:57 +0000"
    },
    "done": true
  },
  "croptopia:recipes/misc/apple_pie": {
    "criteria": {
      "has_apple": "2024-10-11 03:08:43 +0000"
    },
    "done": true
  },
  "minecraft:story/smelt_iron": {
    "criteria": {
      "iron": "2024-10-11 03:10:12 +0000"
    },
    "done": true
  },
  "minecraft:recipes/decorations/smoker": {
    "criteria": {
      "has_furnace": "2024-10-11 03:06:52 +0000"
    },
    "done": true
  },
  "croptopia:recipes/fruit_smoothie": {
    "criteria": {
      "has_fruit": "2024-10-11 03:08:43 +0000"
    },
    "done": true
  },
  "extended_drawers:recipes/decorations/single_drawer": {
    "criteria": {
      "has_chest": "2024-10-11 03:14:26 +0000"
    },
    "done": true
  },
  "croptopia:recipes/cheeseburger": {
    "criteria": {
      "has_bread": "2024-10-11 03:09:04 +0000"
    },
    "done": true
  },
  "minecraft:recipes/building_blocks/white_concrete_powder": {
    "criteria": {
      "has_sand": "2024-10-11 03:12:07 +0000"
    },
    "done": true
  },
  "minecraft:recipes/decorations/chain": {
    "criteria": {
      "has_iron_ingot": "2024-10-11 03:10:12 +0000"
    },
    "done": true
  },
  "minecraft:recipes/misc/bone_meal": {
    "criteria": {
      "has_bone": "2024-10-11 03:15:25 +0000"
    },
    "done": true
  },
  "minecraft:recipes/decorations/smithing_table": {
    "criteria": {
      "has_iron_ingot": "2024-10-11 03:10:12 +0000"
    },
    "done": true
  },
  "croptopia:recipes/food/toast_from_smoking_bread": {
    "criteria": {
      "has_bread": "2024-10-11 03:09:04 +0000"
    },
    "done": true
  },
  "minecraft:recipes/transportation/spruce_boat": {
    "criteria": {
      "in_water": "2024-10-11 03:06:40 +0000"
    },
    "done": true
  },
  "tconstruct:recipes/misc/gadgets/frame/diamond": {
    "criteria": {
      "has_item": "2024-10-11 03:10:13 +0000"
    },
    "done": true
  },
  "minecraft:husbandry/root": {
    "criteria": {
      "consumed_item": "2024-10-11 03:15:47 +0000"
    },
    "done": true
  },
  "minecraft:recipes/transportation/birch_boat": {
    "criteria": {
      "in_water": "2024-10-11 03:06:40 +0000"
    },
    "done": true
  },
  "minecraft:recipes/transportation/oak_boat": {
    "criteria": {
      "in_water": "2024-10-11 03:06:40 +0000"
    },
    "done": true
  },
  "minecraft:recipes/building_blocks/coal_block": {
    "criteria": {
      "has_coal": "2024-10-11 03:09:18 +0000"
    },
    "done": true
  },
  "croparia:recipes/decorations/ritual_stand": {
    "criteria": {
      "has_iron_ingot": "2024-10-11 03:10:12 +0000"
    },
    "done": true
  },
  "minecraft:recipes/combat/diamond_boots": {
    "criteria": {
      "has_diamond": "2024-10-11 03:10:13 +0000"
    },
    "done": true
  },
  "minecraft:recipes/combat/iron_sword": {
    "criteria": {
      "has_iron_ingot": "2024-10-11 03:10:12 +0000"
    },
    "done": true
  },
  "minecraft:recipes/tools/iron_pickaxe": {
    "criteria": {
      "has_iron_ingot": "2024-10-11 03:10:12 +0000"
    },
    "done": true
  },
  "minecraft:recipes/transportation/mangrove_boat": {
    "criteria": {
      "in_water": "2024-10-11 03:06:40 +0000"
    },
    "done": true
  },
  "minecraft:recipes/decorations/torch": {
    "criteria": {
      "has_stone_pickaxe": "2024-10-11 03:07:06 +0000"
    },
    "done": true
  },
  "mcwbridges:recipes/cobblestone_bridge": {
    "criteria": {
      "has_planks": "2024-10-11 03:06:57 +0000"
    },
    "done": true
  },
  "minecraft:recipes/combat/shield": {
    "criteria": {
      "has_iron_ingot": "2024-10-11 03:10:12 +0000"
    },
    "done": true
  },
  "minecraft:recipes/decorations/iron_bars": {
    "criteria": {
      "has_iron_ingot": "2024-10-11 03:10:12 +0000"
    },
    "done": true
  },
  "extended_drawers:recipes/decorations/compacting_drawer": {
    "criteria": {
      "has_chest": "2024-10-11 03:14:26 +0000"
    },
    "done": true
  },
  "magnumtorch:recipes/decorations/diamond_magnum_torch": {
    "criteria": {
      "has_diamond": "2024-10-11 03:10:13 +0000"
    },
    "done": true
  },
  "croparia:recipes/misc/seed_crop_apple": {
    "criteria": {
      "has_apple": "2024-10-11 03:08:43 +0000"
    },
    "done": true
  },
  "trashcans:recipes/misc/item_trash_can": {
    "criteria": {
      "recipe_condition": "2024-10-11 03:14:26 +0000"
    },
    "done": true
  },
  "mcwbridges:recipes/cobblestone_bridge_pier": {
    "criteria": {
      "has_planks": "2024-10-11 03:06:57 +0000"
    },
    "done": true
  },
  "dungeons_arise:find_bathhouse": {
    "criteria": {
      "location0": "2024-10-11 03:06:06 +0000"
    },
    "done": true
  },
  "lootr:10loot": {
    "criteria": {
      "loot_stat": "2024-10-11 03:12:21 +0000"
    },
    "done": true
  },
  "minecraft:recipes/food/baked_potato_from_smoking": {
    "criteria": {
      "has_potato": "2024-10-11 03:12:11 +0000"
    },
    "done": true
  },
  "minecraft:story/upgrade_tools": {
    "criteria": {
      "stone_pickaxe": "2024-10-11 03:07:06 +0000"
    },
    "done": true
  },
  "minecraft:recipes/misc/eye_armor_trim_smithing_template": {
    "criteria": {
      "has_eye_armor_trim_smithing_template": "2024-10-11 03:17:33 +0000"
    },
    "done": true
  },
  "minecraft:recipes/transportation/carrot_on_a_stick": {
    "criteria": {
      "has_carrot": "2024-10-11 03:09:02 +0000"
    },
    "done": true
  },
  "extended_drawers:recipes/decorations/quad_drawer": {
    "criteria": {
      "has_chest": "2024-10-11 03:14:26 +0000"
    },
    "done": true
  },
  "croptopia:recipes/fruit_salad": {
    "criteria": {
      "has_apple": "2024-10-11 03:08:43 +0000"
    },
    "done": true
  },
  "croparia:recipes/misc/seed_crop_amethyst": {
    "criteria": {
      "has_amethyst_shard": "2024-10-11 03:28:15 +0000"
    },
    "done": true
  },
  "minecraft:recipes/building_blocks/yellow_concrete_powder": {
    "criteria": {
      "has_sand": "2024-10-11 03:12:07 +0000"
    },
    "done": true
  },
  "croptopia:recipes/misc/beetroot_salad": {
    "criteria": {
      "has_beetroot": "2024-10-11 03:18:39 +0000"
    },
    "done": true
  },
  "minecraft:recipes/building_blocks/sandstone": {
    "criteria": {
      "has_sand": "2024-10-11 03:12:07 +0000"
    },
    "done": true
  },
  "mcwbridges:recipes/cobblestone_bridge_stair": {
    "criteria": {
      "has_planks": "2024-10-11 03:06:57 +0000"
    },
    "done": true
  },
  "mcwbridges:recipes/balustrade_cobblestone_bridge": {
    "criteria": {
      "has_planks": "2024-10-11 03:06:57 +0000"
    },
    "done": true
  },
  "charm:extra_recipes/recipes/tnt_from_gunpowder_block": {
    "criteria": {
      "has_sand": "2024-10-11 03:12:07 +0000"
    },
    "done": true
  },
  "enchantinginfuser:recipes/decorations/enchanting_infuser": {
    "criteria": {
      "has_amethyst_shard": "2024-10-11 03:28:15 +0000"
    },
    "done": true
  },
  "minecraft:recipes/building_blocks/amethyst_block": {
    "criteria": {
      "has_amethyst_shard": "2024-10-11 03:28:15 +0000"
    },
    "done": true
  },
  "minecraft:recipes/building_blocks/gray_concrete_powder": {
    "criteria": {
      "has_sand": "2024-10-11 03:12:07 +0000"
    },
    "done": true
  },
  "minecraft:recipes/tools/iron_axe": {
    "criteria": {
      "has_iron_ingot": "2024-10-11 03:10:12 +0000"
    },
    "done": true
  },
  "charm:redstone_sand/recipes/redstone_sand": {
    "criteria": {
      "has_sand": "2024-10-11 03:12:07 +0000"
    },
    "done": true
  },
  "artifacts:amateur_archaeologist": {
    "criteria": {
      "find_artifact": "2024-10-11 03:26:20 +0000"
    },
    "done": true
  },
  "minecraft:recipes/misc/iron_nugget_from_blasting": {
    "criteria": {
      "has_iron_pickaxe": "2024-10-11 03:09:07 +0000"
    },
    "done": true
  },
  "magnumtorch:recipes/decorations/amethyst_magnum_torch": {
    "criteria": {
      "has_amethyst_shard": "2024-10-11 03:28:15 +0000"
    },
    "done": true
  },
  "minecraft:adventure/kill_a_mob": {
    "criteria": {
      "minecraft:husk": "2024-10-11 03:11:35 +0000"
    },
    "done": true
  },
  "minecraft:recipes/building_blocks/cobblestone_stairs_from_cobblestone_stonecutting": {
    "criteria": {
      "has_cobblestone": "2024-10-11 03:06:57 +0000"
    },
    "done": true
  },
  "minecraft:recipes/misc/wheat": {
    "criteria": {
      "has_hay_block": "2024-10-11 03:08:46 +0000"
    },
    "done": true
  },
  "minecraft:recipes/food/mushroom_stew": {
    "criteria": {
      "has_mushroom_stew": "2024-10-11 03:29:07 +0000"
    },
    "done": true
  },
  "minecraft:husbandry/balanced_diet": {
    "criteria": {
      "pumpkin_pie": "2024-10-11 03:15:59 +0000",
      "rotten_flesh": "2024-10-11 03:15:47 +0000",
      "mushroom_stew": "2024-10-11 03:29:14 +0000"
    },
    "done": false
  },
  "croptopia:recipes/french_fries": {
    "criteria": {
      "has_potato": "2024-10-11 03:12:11 +0000"
    },
    "done": true
  },
  "tconstruct:recipes/combat/common/glass/vanilla/end_crystal": {
    "criteria": {
      "has_ender_eye": "2024-10-11 03:17:32 +0000"
    },
    "done": true
  },
  "charm:azalea_wood/recipes/azalea_boat": {
    "criteria": {
      "in_water": "2024-10-11 03:06:40 +0000"
    },
    "done": true
  },
  "minecraft:recipes/tools/stone_hoe": {
    "criteria": {
      "has_cobblestone": "2024-10-11 03:06:57 +0000"
    },
    "done": true
  },
  "minecraft:recipes/tools/diamond_axe": {
    "criteria": {
      "has_diamond": "2024-10-11 03:10:13 +0000"
    },
    "done": true
  },
  "mcwwindows:recipes/metal": {
    "criteria": {
      "has_wood": "2024-10-11 03:10:12 +0000"
    },
    "done": true
  },
  "mcwbridges:recipes/pliers": {
    "criteria": {
      "has_planks": "2024-10-11 03:10:12 +0000"
    },
    "done": true
  },
  "rechiseled:recipes/misc/chisel": {
    "criteria": {
      "recipe_condition": "2024-10-11 03:10:12 +0000"
    },
    "done": true
  },
  "minecraft:recipes/redstone/iron_door": {
    "criteria": {
      "has_iron_ingot": "2024-10-11 03:10:12 +0000"
    },
    "done": true
  },
  "malum:recipes/misc/coal_fragment": {
    "criteria": {
      "has_coal": "2024-10-11 03:09:18 +0000"
    },
    "done": true
  },
  "croptopia:recipes/misc/cooking_pot": {
    "criteria": {
      "has_iron": "2024-10-11 03:10:12 +0000"
    },
    "done": true
  },
  "minecraft:recipes/transportation/dark_oak_boat": {
    "criteria": {
      "in_water": "2024-10-11 03:06:40 +0000"
    },
    "done": true
  },
  "DataVersion": 3465
}