{
  "advancednetherite:recipes/building_blocks/netherite_iron_block": {
    "criteria": {
      "has_the_recipe": "2024-10-11 15:32:29 +0000"
    },
    "done": true
  },
  "mcwfences:recipes/jungle": {
    "criteria": {
      "has_jungle": "2024-10-11 15:32:29 +0000"
    },
    "done": true
  },
  "mcwfences:recipes/mangrove": {
    "criteria": {
      "has_mangrove": "2024-10-11 15:32:29 +0000"
    },
    "done": true
  },
  "mcwfences:recipes/warped": {
    "criteria": {
      "has_warped": "2024-10-11 15:32:29 +0000"
    },
    "done": true
  },
  "charm:core/mobs": {
    "criteria": {
      "player_joined": "2024-10-11 15:32:29 +0000"
    },
    "done": true
  },
  "charm:core/tools": {
    "criteria": {
      "player_joined": "2024-10-11 15:32:29 +0000"
    },
    "done": true
  },
  "mcwfences:recipes/spruce": {
    "criteria": {
      "has_spruce": "2024-10-11 15:32:29 +0000"
    },
    "done": true
  },
  "charm:core/enchantments": {
    "criteria": {
      "player_joined": "2024-10-11 15:32:29 +0000"
    },
    "done": true
  },
  "charm:core/smithing": {
    "criteria": {
      "player_joined": "2024-10-11 15:32:29 +0000"
    },
    "done": true
  },
  "zenith:give_book": {
    "criteria": {
      "tick": "2024-10-11 15:32:29 +0000"
    },
    "done": true
  },
  "mcwfences:recipes/birch": {
    "criteria": {
      "has_birch": "2024-10-11 15:32:29 +0000"
    },
    "done": true
  },
  "mcwfences:recipes/stone": {
    "criteria": {
      "has_stone": "2024-10-11 15:32:29 +0000"
    },
    "done": true
  },
  "mcwfences:recipes/end": {
    "criteria": {
      "has_end_brick": "2024-10-11 15:32:29 +0000"
    },
    "done": true
  },
  "advancednetherite:recipes/building_blocks/netherite_emerald_block": {
    "criteria": {
      "has_the_recipe": "2024-10-11 15:32:29 +0000"
    },
    "done": true
  },
  "mcwfences:recipes/acacia": {
    "criteria": {
      "has_acacia": "2024-10-11 15:32:29 +0000"
    },
    "done": true
  },
  "mcwfences:recipes/oak": {
    "criteria": {
      "has_oak": "2024-10-11 15:32:29 +0000"
    },
    "done": true
  },
  "mcwfences:recipes/hedge": {
    "criteria": {
      "has_birch": "2024-10-11 15:32:29 +0000"
    },
    "done": true
  },
  "charm:core/decoration": {
    "criteria": {
      "player_joined": "2024-10-11 15:32:29 +0000"
    },
    "done": true
  },
  "charm:core/automation": {
    "criteria": {
      "player_joined": "2024-10-11 15:32:29 +0000"
    },
    "done": true
  },
  "advancednetherite:recipes/netherite_iron_block": {
    "criteria": {
      "has_ingredients": "2024-10-11 15:32:29 +0000"
    },
    "done": true
  },
  "advancednetherite:recipes/netherite_emerald_block": {
    "criteria": {
      "has_ingredients": "2024-10-11 15:32:29 +0000"
    },
    "done": true
  },
  "charm:core/root": {
    "criteria": {
      "player_joined": "2024-10-11 15:32:29 +0000"
    },
    "done": true
  },
  "things:root": {
    "criteria": {
      "tick": "2024-10-11 15:32:29 +0000"
    },
    "done": true
  },
  "charm:core/tweaks": {
    "criteria": {
      "player_joined": "2024-10-11 15:32:29 +0000"
    },
    "done": true
  },
  "tconstruct:tools/materials_and_you": {
    "criteria": {
      "crafted_book": "2024-10-11 15:32:30 +0000"
    },
    "done": true
  },
  "rpg_series:root": {
    "criteria": {
      "always": "2024-10-11 15:32:30 +0000"
    },
    "done": true
  },
  "advancednetherite:recipes/netherite_gold_block": {
    "criteria": {
      "has_ingredients": "2024-10-11 15:32:30 +0000"
    },
    "done": true
  },
  "mcwfences:recipes/dark_oak": {
    "criteria": {
      "has_dark_oak": "2024-10-11 15:32:30 +0000"
    },
    "done": true
  },
  "advancednetherite:recipes/misc/netherite_diamond_ingot_from_block": {
    "criteria": {
      "has_the_recipe": "2024-10-11 15:32:30 +0000"
    },
    "done": true
  },
  "mcwfences:recipes/crimson": {
    "criteria": {
      "has_crimson": "2024-10-11 15:32:30 +0000"
    },
    "done": true
  },
  "mcwfences:recipes/prismarine": {
    "criteria": {
      "has_qq": "2024-10-11 15:32:30 +0000"
    },
    "done": true
  },
  "mcwfences:recipes/quartz": {
    "criteria": {
      "has_qq": "2024-10-11 15:32:30 +0000"
    },
    "done": true
  },
  "simplyswords:grant_book_on_first_join": {
    "criteria": {
      "tick": "2024-10-11 15:32:30 +0000"
    },
    "done": true
  },
  "minecraft:recipes/decorations/crafting_table": {
    "criteria": {
      "unlock_right_away": "2024-10-11 15:32:30 +0000"
    },
    "done": true
  },
  "advancednetherite:recipes/building_blocks/netherite_diamond_block": {
    "criteria": {
      "has_the_recipe": "2024-10-11 15:32:30 +0000"
    },
    "done": true
  },
  "mcwfences:recipes/nether": {
    "criteria": {
      "has_nether_brick": "2024-10-11 15:32:30 +0000"
    },
    "done": true
  },
  "iceandfire:iceandfire/root": {
    "criteria": {
      "tick": "2024-10-11 15:32:30 +0000"
    },
    "done": true
  },
  "mcwfences:recipes/bamboo": {
    "criteria": {
      "has_bamboo": "2024-10-11 15:32:30 +0000"
    },
    "done": true
  },
  "advancednetherite:recipes/building_blocks/netherite_gold_block": {
    "criteria": {
      "has_the_recipe": "2024-10-11 15:32:30 +0000"
    },
    "done": true
  },
  "advancednetherite:recipes/netherite_diamond_block": {
    "criteria": {
      "has_ingredients": "2024-10-11 15:32:30 +0000"
    },
    "done": true
  },
  "dungeons_arise:wda_root": {
    "criteria": {
      "WDA": "2024-10-11 15:32:30 +0000"
    },
    "done": true
  },
  "advancednetherite:recipes/misc/netherite_gold_ingot": {
    "criteria": {
      "has_the_recipe": "2024-10-11 15:32:30 +0000"
    },
    "done": true
  },
  "advancednetherite:recipes/misc/netherite_diamond_ingot": {
    "criteria": {
      "has_the_recipe": "2024-10-11 15:32:30 +0000"
    },
    "done": true
  },
  "advancednetherite:recipes/misc/netherite_gold_ingot_from_block": {
    "criteria": {
      "has_the_recipe": "2024-10-11 15:32:30 +0000"
    },
    "done": true
  },
  "advancednetherite:recipes/misc/netherite_iron_ingot_from_block": {
    "criteria": {
      "has_the_recipe": "2024-10-11 15:32:30 +0000"
    },
    "done": true
  },
  "mcwfences:recipes/sandstone": {
    "criteria": {
      "has_sand": "2024-10-11 15:32:30 +0000"
    },
    "done": true
  },
  "mcwfences:recipes/mud_brick": {
    "criteria": {
      "has_qq": "2024-10-11 15:32:30 +0000"
    },
    "done": true
  },
  "lootr:root": {
    "criteria": {
      "always_true": "2024-10-11 15:32:30 +0000"
    },
    "done": true
  },
  "mcwfences:recipes/blackstone": {
    "criteria": {
      "has_blackstone": "2024-10-11 15:32:30 +0000"
    },
    "done": true
  },
  "advancednetherite:recipes/misc/netherite_emerald_ingot": {
    "criteria": {
      "has_the_recipe": "2024-10-11 15:32:30 +0000"
    },
    "done": true
  },
  "tconstruct:internal/starting_book": {
    "criteria": {
      "tick": "2024-10-11 15:32:30 +0000"
    },
    "done": true
  },
  "advancednetherite:recipes/misc/netherite_emerald_ingot_from_block": {
    "criteria": {
      "has_the_recipe": "2024-10-11 15:32:30 +0000"
    },
    "done": true
  },
  "mcwfences:recipes/deepslate": {
    "criteria": {
      "has_deepslate": "2024-10-11 15:32:30 +0000"
    },
    "done": true
  },
  "advancednetherite:recipes/netherite_ingots": {
    "criteria": {
      "has_ingredients": "2024-10-11 15:32:30 +0000"
    },
    "done": true
  },
  "advancednetherite:recipes/misc/netherite_iron_ingot": {
    "criteria": {
      "has_the_recipe": "2024-10-11 15:32:30 +0000"
    },
    "done": true
  },
  "minecraft:adventure/adventuring_time": {
    "criteria": {
      "minecraft:snowy_taiga": "2024-10-11 15:32:34 +0000",
      "minecraft:frozen_ocean": "2024-10-11 15:40:41 +0000"
    },
    "done": false
  },
  "minecraft:recipes/combat/leather_helmet": {
    "criteria": {
      "has_leather": "2024-10-11 15:42:18 +0000"
    },
    "done": true
  },
  "croptopia:recipes/beef_jerky": {
    "criteria": {
      "has_beef": "2024-10-11 15:42:18 +0000"
    },
    "done": true
  },
  "minecraft:recipes/decorations/ladder": {
    "criteria": {
      "has_stick": "2024-10-11 15:39:32 +0000"
    },
    "done": true
  },
  "charm:vanilla_wood_variants/recipes/chiseled_spruce_bookshelf": {
    "criteria": {
      "has_planks": "2024-10-11 15:39:31 +0000"
    },
    "done": true
  },
  "croptopia:recipes/misc/apple_juice": {
    "criteria": {
      "has_apple": "2024-10-11 15:50:30 +0000"
    },
    "done": true
  },
  "croptopia:recipes/pork_jerky": {
    "criteria": {
      "has_the_recipe": "2024-10-11 15:42:18 +0000"
    },
    "done": true
  },
  "minecraft:recipes/food/cooked_mutton_from_smoking": {
    "criteria": {
      "has_mutton": "2024-10-11 15:41:34 +0000"
    },
    "done": true
  },
  "charm:vanilla_wood_variants/recipes/spruce_ladder": {
    "criteria": {
      "has_planks": "2024-10-11 15:39:31 +0000"
    },
    "done": true
  },
  "croparia:recipes/misc/seed_crop_coal": {
    "criteria": {
      "has_coal": "2024-10-11 15:50:34 +0000"
    },
    "done": true
  },
  "mcwbridges:recipes/spruce_bridge_pier": {
    "criteria": {
      "has_planks": "2024-10-11 15:39:16 +0000"
    },
    "done": true
  },
  "tconstruct:recipes/misc/tables/pattern": {
    "criteria": {
      "has_item": "2024-10-11 15:39:32 +0000"
    },
    "done": true
  },
  "minecraft:recipes/tools/golden_axe": {
    "criteria": {
      "has_gold_ingot": "2024-10-11 15:45:07 +0000"
    },
    "done": true
  },
  "croparia:recipes/misc/seed_crop_rawbeef": {
    "criteria": {
      "has_beef": "2024-10-11 15:42:18 +0000"
    },
    "done": true
  },
  "croparia:recipes/misc/seed_crop_diamond": {
    "criteria": {
      "has_diamond": "2024-10-11 15:45:05 +0000"
    },
    "done": true
  },
  "mcwbridges:recipes/spruce_rail_bridge": {
    "criteria": {
      "has_planks": "2024-10-11 15:39:31 +0000"
    },
    "done": true
  },
  "adorn:recipes/spruce_kitchen_cupboard": {
    "criteria": {
      "has_planks": "2024-10-11 15:39:31 +0000"
    },
    "done": true
  },
  "charm:vanilla_wood_variants/recipes/dark_oak_bookshelf": {
    "criteria": {
      "has_book": "2024-10-11 15:44:44 +0000"
    },
    "done": true
  },
  "minecraft:recipes/tools/golden_pickaxe": {
    "criteria": {
      "has_gold_ingot": "2024-10-11 15:45:07 +0000"
    },
    "done": true
  },
  "minecraft:recipes/building_blocks/raw_iron_block": {
    "criteria": {
      "has_raw_iron": "2024-10-11 15:51:57 +0000"
    },
    "done": true
  },
  "croptopia:recipes/food/beef_jerky": {
    "criteria": {
      "has_the_recipe": "2024-10-11 15:42:18 +0000"
    },
    "done": true
  },
  "mcwbridges:recipes/rope_spruce_bridge": {
    "criteria": {
      "has_planks": "2024-10-11 15:39:31 +0000"
    },
    "done": true
  },
  "croptopia:recipes/burrito": {
    "criteria": {
      "has_the_recipe": "2024-10-11 15:42:18 +0000"
    },
    "done": true
  },
  "minecraft:recipes/combat/diamond_sword": {
    "criteria": {
      "has_diamond": "2024-10-11 15:45:05 +0000"
    },
    "done": true
  },
  "minecraft:recipes/decorations/jukebox": {
    "criteria": {
      "has_diamond": "2024-10-11 15:45:05 +0000"
    },
    "done": true
  },
  "minecraft:recipes/misc/gold_nugget": {
    "criteria": {
      "has_gold_ingot": "2024-10-11 15:45:07 +0000"
    },
    "done": true
  },
  "tconstruct:recipes/misc/common/gold_platform": {
    "criteria": {
      "has_gold": "2024-10-11 15:45:07 +0000"
    },
    "done": true
  },
  "minecraft:recipes/combat/iron_helmet": {
    "criteria": {
      "has_iron_ingot": "2024-10-11 15:53:02 +0000"
    },
    "done": true
  },
  "minecraft:recipes/tools/golden_shovel": {
    "criteria": {
      "has_gold_ingot": "2024-10-11 15:45:07 +0000"
    },
    "done": true
  },
  "minecraft:recipes/combat/diamond_chestplate": {
    "criteria": {
      "has_diamond": "2024-10-11 15:45:05 +0000"
    },
    "done": true
  },
  "minecraft:story/mine_stone": {
    "criteria": {
      "get_stone": "2024-10-11 15:45:56 +0000"
    },
    "done": true
  },
  "minecraft:recipes/decorations/furnace": {
    "criteria": {
      "has_cobblestone": "2024-10-11 15:45:56 +0000"
    },
    "done": true
  },
  "minecraft:recipes/food/golden_apple": {
    "criteria": {
      "has_gold_ingot": "2024-10-11 15:45:07 +0000"
    },
    "done": true
  },
  "adorn:recipes/crate": {
    "criteria": {
      "has_key_item_0": "2024-10-11 15:39:31 +0000"
    },
    "done": true
  },
  "mcwwindows:recipes/curtains": {
    "criteria": {
      "has_wood": "2024-10-11 15:41:34 +0000"
    },
    "done": true
  },
  "charm:atlases/recipes/atlas": {
    "criteria": {
      "has_writable_book": "2024-10-11 15:49:30 +0000"
    },
    "done": true
  },
  "minecraft:recipes/building_blocks/stone_brick_stairs": {
    "criteria": {
      "has_stone_bricks": "2024-10-11 15:48:31 +0000"
    },
    "done": true
  },
  "minecraft:recipes/combat/golden_boots": {
    "criteria": {
      "has_gold_ingot": "2024-10-11 15:45:07 +0000"
    },
    "done": true
  },
  "tconstruct:recipes/building_blocks/common/materials/copper_nugget_from_ingot": {
    "criteria": {
      "has_item": "2024-10-11 15:53:37 +0000"
    },
    "done": true
  },
  "minecraft:recipes/tools/wooden_axe": {
    "criteria": {
      "has_stick": "2024-10-11 15:39:32 +0000"
    },
    "done": true
  },
  "minecraft:recipes/combat/leather_chestplate": {
    "criteria": {
      "has_leather": "2024-10-11 15:42:18 +0000"
    },
    "done": true
  },
  "charm:vanilla_wood_variants/recipes/warped_ladder": {
    "criteria": {
      "has_stick": "2024-10-11 15:39:32 +0000"
    },
    "done": true
  },
  "charm:vanilla_wood_variants/recipes/jungle_ladder": {
    "criteria": {
      "has_stick": "2024-10-11 15:39:32 +0000"
    },
    "done": true
  },
  "croptopia:recipes/shaped_beef_stew": {
    "criteria": {
      "has_beef": "2024-10-11 15:42:18 +0000"
    },
    "done": true
  },
  "matchbox:recipes/detacher": {
    "criteria": {
      "has_iron": "2024-10-11 15:53:02 +0000"
    },
    "done": true
  },
  "adorn:recipes/guide_book": {
    "criteria": {
      "has_key_item_0": "2024-10-11 15:44:44 +0000"
    },
    "done": true
  },
  "minecraft:recipes/decorations/chest": {
    "criteria": {
      "has_lots_of_items": "2024-10-11 15:41:34 +0000"
    },
    "done": true
  },
  "minecraft:recipes/tools/shears": {
    "criteria": {
      "has_iron_ingot": "2024-10-11 15:53:02 +0000"
    },
    "done": true
  },
  "minecraft:recipes/misc/stick": {
    "criteria": {
      "has_planks": "2024-10-11 15:39:31 +0000"
    },
    "done": true
  },
  "xercapaint:recipes/item_easel": {
    "criteria": {
      "has_item": "2024-10-11 15:39:32 +0000"
    },
    "done": true
  },
  "minecraft:recipes/redstone/lectern": {
    "criteria": {
      "has_book": "2024-10-11 15:44:44 +0000"
    },
    "done": true
  },
  "tconstruct:recipes/misc/common/iron_platform": {
    "criteria": {
      "has_bars": "2024-10-11 15:53:02 +0000"
    },
    "done": true
  },
  "minecraft:adventure/sleep_in_bed": {
    "criteria": {
      "slept_in_bed": "2024-10-11 15:47:59 +0000"
    },
    "done": true
  },
  "minecraft:recipes/building_blocks/cobblestone_slab_from_cobblestone_stonecutting": {
    "criteria": {
      "has_cobblestone": "2024-10-11 15:45:56 +0000"
    },
    "done": true
  },
  "minecraft:recipes/transportation/cherry_boat": {
    "criteria": {
      "in_water": "2024-10-11 15:40:48 +0000"
    },
    "done": true
  },
  "minecraft:recipes/tools/diamond_pickaxe": {
    "criteria": {
      "has_diamond": "2024-10-11 15:45:05 +0000"
    },
    "done": true
  },
  "minecraft:recipes/redstone/lightning_rod": {
    "criteria": {
      "has_copper_ingot": "2024-10-11 15:53:37 +0000"
    },
    "done": true
  },
  "minecraft:adventure/kill_all_mobs": {
    "criteria": {
      "minecraft:skeleton": "2024-10-11 15:47:23 +0000"
    },
    "done": false
  },
  "charm:woodcutters/recipes/woodcutter": {
    "criteria": {
      "has_planks": "2024-10-11 15:39:31 +0000"
    },
    "done": true
  },
  "minecraft:recipes/combat/golden_chestplate": {
    "criteria": {
      "has_gold_ingot": "2024-10-11 15:45:07 +0000"
    },
    "done": true
  },
  "minecraft:recipes/building_blocks/iron_block": {
    "criteria": {
      "has_iron_ingot": "2024-10-11 15:53:02 +0000"
    },
    "done": true
  },
  "adorn:recipes/iron_shelf": {
    "criteria": {
      "has_iron_ingot": "2024-10-11 15:53:02 +0000"
    },
    "done": true
  },
  "charm:vanilla_wood_variants/recipes/bamboo_ladder": {
    "criteria": {
      "has_stick": "2024-10-11 15:39:32 +0000"
    },
    "done": true
  },
  "minecraft:recipes/building_blocks/stone": {
    "criteria": {
      "has_cobblestone": "2024-10-11 15:45:56 +0000"
    },
    "done": true
  },
  "charm:extra_recipes/recipes/soul_torch": {
    "criteria": {
      "has_stick": "2024-10-11 15:39:32 +0000"
    },
    "done": true
  },
  "minecraft:recipes/transportation/bamboo_raft": {
    "criteria": {
      "in_water": "2024-10-11 15:40:48 +0000"
    },
    "done": true
  },
  "mcwwindows:recipes/curtain_rods": {
    "criteria": {
      "has_wood": "2024-10-11 15:39:32 +0000"
    },
    "done": true
  },
  "tconstruct:recipes/misc/common/copper_platform": {
    "criteria": {
      "has_bars": "2024-10-11 15:53:37 +0000"
    },
    "done": true
  },
  "minecraft:recipes/misc/writable_book": {
    "criteria": {
      "has_book": "2024-10-11 15:44:44 +0000"
    },
    "done": true
  },
  "minecraft:recipes/misc/leather_horse_armor": {
    "criteria": {
      "has_leather": "2024-10-11 15:42:18 +0000"
    },
    "done": true
  },
  "minecraft:recipes/decorations/spruce_fence": {
    "criteria": {
      "has_planks": "2024-10-11 15:39:31 +0000"
    },
    "done": true
  },
  "minecraft:recipes/tools/diamond_hoe": {
    "criteria": {
      "has_diamond": "2024-10-11 15:45:05 +0000"
    },
    "done": true
  },
  "minecraft:recipes/tools/diamond_shovel": {
    "criteria": {
      "has_diamond": "2024-10-11 15:45:05 +0000"
    },
    "done": true
  },
  "croptopia:recipes/food/pork_jerky": {
    "criteria": {
      "has_the_recipe": "2024-10-11 15:42:18 +0000"
    },
    "done": true
  },
  "croptopia:recipes/misc/apple_sapling": {
    "criteria": {
      "has_apple": "2024-10-11 15:50:30 +0000"
    },
    "done": true
  },
  "mcwbridges:recipes/iron_bridge_pier": {
    "criteria": {
      "has_planks": "2024-10-11 15:53:02 +0000"
    },
    "done": true
  },
  "adorn:recipes/traders_manual": {
    "criteria": {
      "has_key_item_0": "2024-10-11 15:44:44 +0000"
    },
    "done": true
  },
  "minecraft:recipes/redstone/light_weighted_pressure_plate": {
    "criteria": {
      "has_gold_ingot": "2024-10-11 15:45:07 +0000"
    },
    "done": true
  },
  "tconstruct:recipes/misc/armor/building/travelers_chestplate": {
    "criteria": {
      "has_item": "2024-10-11 15:53:37 +0000"
    },
    "done": true
  },
  "charm:extra_recipes/recipes/bundle": {
    "criteria": {
      "has_leather": "2024-10-11 15:42:18 +0000"
    },
    "done": true
  },
  "extended_drawers:recipes/decorations/double_drawer": {
    "criteria": {
      "has_chest": "2024-10-11 15:53:22 +0000"
    },
    "done": true
  },
  "croparia:recipes/misc/seed_crop_iron": {
    "criteria": {
      "has_iron_ingot": "2024-10-11 15:53:02 +0000"
    },
    "done": true
  },
  "minecraft:recipes/building_blocks/copper_block": {
    "criteria": {
      "has_copper_ingot": "2024-10-11 15:53:37 +0000"
    },
    "done": true
  },
  "minecraft:recipes/redstone/spruce_button": {
    "criteria": {
      "has_planks": "2024-10-11 15:39:31 +0000"
    },
    "done": true
  },
  "malum:recipes/misc/copper_nugget_from_ingot": {
    "criteria": {
      "has_copper": "2024-10-11 15:53:37 +0000"
    },
    "done": true
  },
  "minecraft:recipes/redstone/hopper": {
    "criteria": {
      "has_iron_ingot": "2024-10-11 15:53:02 +0000"
    },
    "done": true
  },
  "minecraft:recipes/misc/copper_ingot_from_blasting_raw_copper": {
    "criteria": {
      "has_raw_copper": "2024-10-11 15:53:05 +0000"
    },
    "done": true
  },
  "lootr:social": {
    "criteria": {
      "opened_barrel": "2024-10-11 15:49:02 +0000",
      "opened_chest": "2024-10-11 15:45:03 +0000"
    },
    "done": false
  },
  "sophisticatedbackpacks:recipes/misc/backpack": {
    "criteria": {
      "has_leather": "2024-10-11 15:42:18 +0000"
    },
    "done": true
  },
  "minecraft:recipes/food/cooked_beef_from_smoking": {
    "criteria": {
      "has_beef": "2024-10-11 15:42:18 +0000"
    },
    "done": true
  },
  "minecraft:recipes/building_blocks/raw_copper_block": {
    "criteria": {
      "has_raw_copper": "2024-10-11 15:53:05 +0000"
    },
    "done": true
  },
  "minecraft:recipes/tools/brush": {
    "criteria": {
      "has_copper_ingot": "2024-10-11 15:53:37 +0000"
    },
    "done": true
  },
  "tconstruct:recipes/misc/armor/building/travelers_boots": {
    "criteria": {
      "has_item": "2024-10-11 15:53:37 +0000"
    },
    "done": true
  },
  "minecraft:recipes/combat/iron_boots": {
    "criteria": {
      "has_iron_ingot": "2024-10-11 15:53:02 +0000"
    },
    "done": true
  },
  "minecraft:recipes/redstone/spruce_pressure_plate": {
    "criteria": {
      "has_planks": "2024-10-11 15:39:31 +0000"
    },
    "done": true
  },
  "tconstruct:recipes/misc/common/gold_bars": {
    "criteria": {
      "has_ingot": "2024-10-11 15:45:07 +0000"
    },
    "done": true
  },
  "charm:vanilla_wood_variants/recipes/dark_oak_ladder": {
    "criteria": {
      "has_stick": "2024-10-11 15:39:32 +0000"
    },
    "done": true
  },
  "croptopia:recipes/misc/frying_pan": {
    "criteria": {
      "has_iron": "2024-10-11 15:53:02 +0000"
    },
    "done": true
  },
  "minecraft:recipes/tools/stone_pickaxe": {
    "criteria": {
      "has_cobblestone": "2024-10-11 15:45:56 +0000"
    },
    "done": true
  },
  "minecraft:recipes/decorations/lantern": {
    "criteria": {
      "has_iron_ingot": "2024-10-11 15:53:02 +0000"
    },
    "done": true
  },
  "malum:recipes/misc/coal_from_fragment": {
    "criteria": {
      "has_coal": "2024-10-11 15:50:34 +0000"
    },
    "done": true
  },
  "charm:vanilla_wood_variants/recipes/spruce_bookshelf": {
    "criteria": {
      "has_planks": "2024-10-11 15:39:31 +0000"
    },
    "done": true
  },
  "charm:vanilla_wood_variants/recipes/crimson_ladder": {
    "criteria": {
      "has_stick": "2024-10-11 15:39:32 +0000"
    },
    "done": true
  },
  "charm:vanilla_wood_variants/recipes/oak_bookshelf": {
    "criteria": {
      "has_book": "2024-10-11 15:44:44 +0000"
    },
    "done": true
  },
  "minecraft:recipes/decorations/campfire": {
    "criteria": {
      "has_stick": "2024-10-11 15:39:32 +0000"
    },
    "done": true
  },
  "minecraft:recipes/tools/wooden_hoe": {
    "criteria": {
      "has_stick": "2024-10-11 15:39:32 +0000"
    },
    "done": true
  },
  "matchbox:recipes/lightmeter": {
    "criteria": {
      "has_copper": "2024-10-11 15:53:37 +0000"
    },
    "done": false
  },
  "tconstruct:recipes/misc/smeltery/copper_can": {
    "criteria": {
      "has_item": "2024-10-11 15:53:37 +0000"
    },
    "done": true
  },
  "minecraft:recipes/misc/charcoal": {
    "criteria": {
      "has_log": "2024-10-11 15:39:16 +0000"
    },
    "done": true
  },
  "minecraft:recipes/building_blocks/stone_brick_slab": {
    "criteria": {
      "has_stone_bricks": "2024-10-11 15:48:31 +0000"
    },
    "done": true
  },
  "minecraft:recipes/tools/iron_shovel": {
    "criteria": {
      "has_iron_ingot": "2024-10-11 15:53:02 +0000"
    },
    "done": true
  },
  "minecraft:recipes/decorations/item_frame": {
    "criteria": {
      "has_leather": "2024-10-11 15:42:18 +0000"
    },
    "done": true
  },
  "naturescompass:natures_compass_log": {
    "criteria": {
      "has_log": "2024-10-11 15:39:16 +0000"
    },
    "done": true
  },
  "minecraft:recipes/combat/diamond_helmet": {
    "criteria": {
      "has_diamond": "2024-10-11 15:45:05 +0000"
    },
    "done": true
  },
  "lootr:1barrel": {
    "criteria": {
      "opened_barrel": "2024-10-11 15:49:02 +0000"
    },
    "done": true
  },
  "charm:vanilla_wood_variants/recipes/mangrove_bookshelf": {
    "criteria": {
      "has_book": "2024-10-11 15:44:44 +0000"
    },
    "done": true
  },
  "mcwfurnitures:recipes/spruce": {
    "criteria": {
      "has_wood": "2024-10-11 15:39:16 +0000"
    },
    "done": true
  },
  "goml:recipes/all_recipes": {
    "criteria": {
      "has_chest": "2024-10-11 15:47:56 +0000"
    },
    "done": true
  },
  "mcwwindows:recipes/spruce": {
    "criteria": {
      "has_wood": "2024-10-11 15:39:16 +0000"
    },
    "done": true
  },
  "mcwbridges:recipes/bridge_lantern": {
    "criteria": {
      "has_planks": "2024-10-11 15:50:34 +0000"
    },
    "done": true
  },
  "minecraft:recipes/combat/golden_sword": {
    "criteria": {
      "has_gold_ingot": "2024-10-11 15:45:07 +0000"
    },
    "done": true
  },
  "minecraft:recipes/tools/wooden_shovel": {
    "criteria": {
      "has_stick": "2024-10-11 15:39:32 +0000"
    },
    "done": true
  },
  "minecraft:recipes/building_blocks/cobblestone_slab": {
    "criteria": {
      "has_cobblestone": "2024-10-11 15:45:56 +0000"
    },
    "done": true
  },
  "mcwbridges:recipes/iron_bridge": {
    "criteria": {
      "has_planks": "2024-10-11 15:53:02 +0000"
    },
    "done": true
  },
  "naturescompass:natures_compass_sapling": {
    "criteria": {
      "has_recipe": "2024-10-11 15:39:16 +0000"
    },
    "done": true
  },
  "minecraft:recipes/building_blocks/gold_block": {
    "criteria": {
      "has_gold_ingot": "2024-10-11 15:45:07 +0000"
    },
    "done": true
  },
  "minecraft:recipes/transportation/acacia_boat": {
    "criteria": {
      "in_water": "2024-10-11 15:40:48 +0000"
    },
    "done": true
  },
  "minecraft:recipes/redstone/iron_trapdoor": {
    "criteria": {
      "has_iron_ingot": "2024-10-11 15:53:02 +0000"
    },
    "done": true
  },
  "minecraft:adventure/root": {
    "criteria": {
      "killed_something": "2024-10-11 15:41:33 +0000"
    },
    "done": true
  },
  "adorn:recipes/chain_link_fence": {
    "criteria": {
      "has_key_item_0": "2024-10-11 15:53:02 +0000"
    },
    "done": true
  },
  "croptopia:recipes/hamburger": {
    "criteria": {
      "has_beef": "2024-10-11 15:42:18 +0000"
    },
    "done": true
  },
  "minecraft:recipes/misc/iron_ingot_from_blasting_raw_iron": {
    "criteria": {
      "has_raw_iron": "2024-10-11 15:51:57 +0000"
    },
    "done": true
  },
  "minecraft:recipes/combat/wooden_sword": {
    "criteria": {
      "has_stick": "2024-10-11 15:39:32 +0000"
    },
    "done": true
  },
  "croptopia:recipes/misc/knife": {
    "criteria": {
      "has_iron": "2024-10-11 15:53:02 +0000"
    },
    "done": true
  },
  "minecraft:recipes/combat/crossbow": {
    "criteria": {
      "has_iron_ingot": "2024-10-11 15:53:02 +0000"
    },
    "done": true
  },
  "charm:vanilla_wood_variants/recipes/jungle_bookshelf": {
    "criteria": {
      "has_book": "2024-10-11 15:44:44 +0000"
    },
    "done": true
  },
  "adorn:recipes/spruce_post": {
    "criteria": {
      "has_spruce_planks": "2024-10-11 15:39:31 +0000"
    },
    "done": true
  },
  "adorn:recipes/white_sofa": {
    "criteria": {
      "has_wool": "2024-10-11 15:41:34 +0000"
    },
    "done": true
  },
  "croparia:recipes/misc/seed_crop_bone": {
    "criteria": {
      "has_bone": "2024-10-11 15:47:24 +0000"
    },
    "done": true
  },
  "minecraft:recipes/decorations/barrel": {
    "criteria": {
      "has_planks": "2024-10-11 15:39:31 +0000"
    },
    "done": true
  },
  "minecraft:recipes/combat/leather_boots": {
    "criteria": {
      "has_leather": "2024-10-11 15:42:18 +0000"
    },
    "done": true
  },
  "minecraft:recipes/decorations/cobblestone_wall_from_cobblestone_stonecutting": {
    "criteria": {
      "has_cobblestone": "2024-10-11 15:45:56 +0000"
    },
    "done": true
  },
  "minecraft:recipes/building_blocks/diamond_block": {
    "criteria": {
      "has_diamond": "2024-10-11 15:45:05 +0000"
    },
    "done": true
  },
  "charm:kilns/recipes/stone": {
    "criteria": {
      "has_cobblestone": "2024-10-11 15:45:56 +0000"
    },
    "done": true
  },
  "minecraft:recipes/decorations/white_bed": {
    "criteria": {
      "has_white_wool": "2024-10-11 15:41:34 +0000"
    },
    "done": true
  },
  "minecraft:recipes/building_blocks/cobblestone_stairs": {
    "criteria": {
      "has_cobblestone": "2024-10-11 15:45:56 +0000"
    },
    "done": true
  },
  "extended_drawers:recipes/tools/lock": {
    "criteria": {
      "has_gold_ingot": "2024-10-11 15:45:07 +0000"
    },
    "done": true
  },
  "minecraft:story/mine_diamond": {
    "criteria": {
      "diamond": "2024-10-11 15:45:05 +0000"
    },
    "done": true
  },
  "charm:vanilla_wood_variants/recipes/spruce_barrel": {
    "criteria": {
      "has_planks": "2024-10-11 15:39:31 +0000"
    },
    "done": true
  },
  "minecraft:recipes/tools/stone_shovel": {
    "criteria": {
      "has_cobblestone": "2024-10-11 15:45:56 +0000"
    },
    "done": true
  },
  "minecraft:recipes/food/cooked_beef": {
    "criteria": {
      "has_beef": "2024-10-11 15:42:18 +0000"
    },
    "done": true
  },
  "tconstruct:recipes/combat/armor/building/travelers_shield": {
    "criteria": {
      "has_item": "2024-10-11 15:53:37 +0000"
    },
    "done": true
  },
  "minecraft:recipes/transportation/jungle_boat": {
    "criteria": {
      "in_water": "2024-10-11 15:40:48 +0000"
    },
    "done": true
  },
  "minecraft:recipes/redstone/heavy_weighted_pressure_plate": {
    "criteria": {
      "has_iron_ingot": "2024-10-11 15:53:02 +0000"
    },
    "done": true
  },
  "genshinstrument:recipes/nightwind_horn": {
    "criteria": {
      "has_main": "2024-10-11 15:45:07 +0000"
    },
    "done": true
  },
  "minecraft:recipes/redstone/lever": {
    "criteria": {
      "has_cobblestone": "2024-10-11 15:45:56 +0000"
    },
    "done": true
  },
  "matchbox:recipes/matchbox": {
    "criteria": {
      "has_stick": "2024-10-11 15:39:32 +0000"
    },
    "done": false
  },
  "lootr:1chest": {
    "criteria": {
      "opened_chest": "2024-10-11 15:45:03 +0000"
    },
    "done": true
  },
  "minecraft:recipes/combat/iron_leggings": {
    "criteria": {
      "has_iron_ingot": "2024-10-11 15:53:02 +0000"
    },
    "done": true
  },
  "iceandfire:recipes/misc/dragon_meal": {
    "criteria": {
      "has_item": "2024-10-11 15:41:34 +0000"
    },
    "done": true
  },
  "minecraft:recipes/combat/leather_leggings": {
    "criteria": {
      "has_leather": "2024-10-11 15:42:18 +0000"
    },
    "done": true
  },
  "minecraft:recipes/combat/diamond_leggings": {
    "criteria": {
      "has_diamond": "2024-10-11 15:45:05 +0000"
    },
    "done": true
  },
  "croparia:recipes/misc/seed_crop_rawmutton": {
    "criteria": {
      "has_mutton": "2024-10-11 15:41:34 +0000"
    },
    "done": true
  },
  "charm:azalea_wood/recipes/azalea_ladder": {
    "criteria": {
      "has_stick": "2024-10-11 15:39:32 +0000"
    },
    "done": true
  },
  "minecraft:recipes/building_blocks/bookshelf": {
    "criteria": {
      "has_book": "2024-10-11 15:44:44 +0000"
    },
    "done": true
  },
  "tconstruct:recipes/misc/armor/building/travelers_goggles": {
    "criteria": {
      "has_item": "2024-10-11 15:53:37 +0000"
    },
    "done": true
  },
  "croptopia:recipes/stuffed_poblanos": {
    "criteria": {
      "has_beef": "2024-10-11 15:42:18 +0000"
    },
    "done": true
  },
  "minecraft:recipes/combat/iron_chestplate": {
    "criteria": {
      "has_iron_ingot": "2024-10-11 15:53:02 +0000"
    },
    "done": true
  },
  "adorn:recipes/spruce_kitchen_counter": {
    "criteria": {
      "has_planks": "2024-10-11 15:39:31 +0000"
    },
    "done": true
  },
  "croparia:recipes/misc/seed_crop_copper": {
    "criteria": {
      "has_copper_ingot": "2024-10-11 15:53:37 +0000"
    },
    "done": true
  },
  "minecraft:recipes/combat/stone_sword": {
    "criteria": {
      "has_cobblestone": "2024-10-11 15:45:56 +0000"
    },
    "done": true
  },
  "minecraft:recipes/decorations/cobblestone_wall": {
    "criteria": {
      "has_cobblestone": "2024-10-11 15:45:56 +0000"
    },
    "done": true
  },
  "minecraft:recipes/tools/stone_axe": {
    "criteria": {
      "has_cobblestone": "2024-10-11 15:45:56 +0000"
    },
    "done": true
  },
  "tconstruct:recipes/misc/tools/modifiers/silky_cloth": {
    "criteria": {
      "has_item": "2024-10-11 15:45:07 +0000"
    },
    "done": true
  },
  "minecraft:recipes/misc/iron_nugget": {
    "criteria": {
      "has_iron_ingot": "2024-10-11 15:53:02 +0000"
    },
    "done": true
  },
  "promenade:recipes/crafting/maple/boat": {
    "criteria": {
      "in_water": "2024-10-11 15:40:48 +0000"
    },
    "done": true
  },
  "minecraft:recipes/misc/bucket": {
    "criteria": {
      "has_iron_ingot": "2024-10-11 15:53:02 +0000"
    },
    "done": true
  },
  "minecraft:recipes/transportation/minecart": {
    "criteria": {
      "has_iron_ingot": "2024-10-11 15:53:02 +0000"
    },
    "done": true
  },
  "minecraft:recipes/tools/iron_hoe": {
    "criteria": {
      "has_iron_ingot": "2024-10-11 15:53:02 +0000"
    },
    "done": true
  },
  "charm:vanilla_wood_variants/recipes/oak_ladder": {
    "criteria": {
      "has_stick": "2024-10-11 15:39:32 +0000"
    },
    "done": true
  },
  "minecraft:recipes/decorations/spruce_sign": {
    "criteria": {
      "has_planks": "2024-10-11 15:39:31 +0000"
    },
    "done": true
  },
  "malum:recipes/misc/copper_ingot_from_nugget": {
    "criteria": {
      "has_copper": "2024-10-11 15:53:37 +0000"
    },
    "done": true
  },
  "minecraft:recipes/decorations/painting": {
    "criteria": {
      "has_wool": "2024-10-11 15:41:34 +0000"
    },
    "done": true
  },
  "minecraft:recipes/combat/golden_helmet": {
    "criteria": {
      "has_gold_ingot": "2024-10-11 15:45:07 +0000"
    },
    "done": true
  },
  "zenith:affix/rare_gem": {
    "criteria": {
      "gem": "2024-10-11 15:44:18 +0000"
    },
    "done": true
  },
  "charm:vanilla_wood_variants/recipes/mangrove_ladder": {
    "criteria": {
      "has_stick": "2024-10-11 15:39:32 +0000"
    },
    "done": true
  },
  "adorn:recipes/cobblestone_post": {
    "criteria": {
      "has_cobblestone": "2024-10-11 15:45:56 +0000"
    },
    "done": true
  },
  "croparia:recipes/misc/seed_crop_gold": {
    "criteria": {
      "has_gold_ingot": "2024-10-11 15:45:07 +0000"
    },
    "done": true
  },
  "minecraft:recipes/decorations/glow_item_frame": {
    "criteria": {
      "has_item_frame": "2024-10-11 15:44:19 +0000"
    },
    "done": true
  },
  "charm:vanilla_wood_variants/recipes/birch_bookshelf": {
    "criteria": {
      "has_book": "2024-10-11 15:44:44 +0000"
    },
    "done": true
  },
  "croptopia:recipes/misc/apple_pie": {
    "criteria": {
      "has_apple": "2024-10-11 15:50:30 +0000"
    },
    "done": true
  },
  "minecraft:story/smelt_iron": {
    "criteria": {
      "iron": "2024-10-11 15:53:02 +0000"
    },
    "done": true
  },
  "croptopia:recipes/fruit_smoothie": {
    "criteria": {
      "has_fruit": "2024-10-11 15:50:30 +0000"
    },
    "done": true
  },
  "minecraft:recipes/building_blocks/chiseled_stone_bricks": {
    "criteria": {
      "has_tag": "2024-10-11 15:48:31 +0000"
    },
    "done": true
  },
  "extended_drawers:recipes/decorations/single_drawer": {
    "criteria": {
      "has_chest": "2024-10-11 15:53:22 +0000"
    },
    "done": true
  },
  "croptopia:recipes/cheeseburger": {
    "criteria": {
      "has_beef": "2024-10-11 15:42:18 +0000"
    },
    "done": true
  },
  "minecraft:recipes/decorations/chain": {
    "criteria": {
      "has_iron_ingot": "2024-10-11 15:53:02 +0000"
    },
    "done": true
  },
  "croparia:recipes/misc/seed_crop_leather": {
    "criteria": {
      "has_leather": "2024-10-11 15:42:18 +0000"
    },
    "done": true
  },
  "minecraft:recipes/building_blocks/chiseled_bookshelf": {
    "criteria": {
      "has_book": "2024-10-11 15:44:44 +0000"
    },
    "done": true
  },
  "minecraft:recipes/building_blocks/spruce_wood": {
    "criteria": {
      "has_log": "2024-10-11 15:39:16 +0000"
    },
    "done": true
  },
  "minecraft:recipes/misc/bone_meal": {
    "criteria": {
      "has_bone": "2024-10-11 15:47:24 +0000"
    },
    "done": true
  },
  "iceandfire:recipes/misc/earplugs": {
    "criteria": {
      "has_item": "2024-10-11 15:39:31 +0000"
    },
    "done": true
  },
  "charm:vanilla_wood_variants/recipes/acacia_bookshelf": {
    "criteria": {
      "has_book": "2024-10-11 15:44:44 +0000"
    },
    "done": true
  },
  "minecraft:recipes/decorations/smithing_table": {
    "criteria": {
      "has_iron_ingot": "2024-10-11 15:53:02 +0000"
    },
    "done": true
  },
  "minecraft:recipes/redstone/redstone": {
    "criteria": {
      "has_redstone_block": "2024-10-11 15:50:59 +0000"
    },
    "done": true
  },
  "minecraft:recipes/transportation/spruce_boat": {
    "criteria": {
      "in_water": "2024-10-11 15:40:48 +0000"
    },
    "done": true
  },
  "charm:vanilla_wood_variants/recipes/birch_ladder": {
    "criteria": {
      "has_stick": "2024-10-11 15:39:32 +0000"
    },
    "done": true
  },
  "tconstruct:recipes/misc/gadgets/frame/diamond": {
    "criteria": {
      "has_item": "2024-10-11 15:45:05 +0000"
    },
    "done": true
  },
  "minecraft:husbandry/root": {
    "criteria": {
      "consumed_item": "2024-10-11 15:42:22 +0000"
    },
    "done": true
  },
  "minecraft:recipes/transportation/birch_boat": {
    "criteria": {
      "in_water": "2024-10-11 15:40:48 +0000"
    },
    "done": true
  },
  "minecraft:recipes/decorations/white_carpet": {
    "criteria": {
      "has_white_wool": "2024-10-11 15:41:34 +0000"
    },
    "done": true
  },
  "minecraft:recipes/transportation/oak_boat": {
    "criteria": {
      "in_water": "2024-10-11 15:40:48 +0000"
    },
    "done": true
  },
  "minecraft:recipes/building_blocks/coal_block": {
    "criteria": {
      "has_coal": "2024-10-11 15:50:34 +0000"
    },
    "done": true
  },
  "minecraft:recipes/building_blocks/spruce_slab": {
    "criteria": {
      "has_planks": "2024-10-11 15:39:31 +0000"
    },
    "done": true
  },
  "croparia:recipes/decorations/ritual_stand": {
    "criteria": {
      "has_iron_ingot": "2024-10-11 15:53:02 +0000"
    },
    "done": true
  },
  "charm:vanilla_wood_variants/recipes/cherry_ladder": {
    "criteria": {
      "has_stick": "2024-10-11 15:39:32 +0000"
    },
    "done": true
  },
  "minecraft:recipes/combat/diamond_boots": {
    "criteria": {
      "has_diamond": "2024-10-11 15:45:05 +0000"
    },
    "done": true
  },
  "minecraft:recipes/combat/iron_sword": {
    "criteria": {
      "has_iron_ingot": "2024-10-11 15:53:02 +0000"
    },
    "done": true
  },
  "minecraft:recipes/tools/iron_pickaxe": {
    "criteria": {
      "has_iron_ingot": "2024-10-11 15:53:02 +0000"
    },
    "done": true
  },
  "minecraft:recipes/transportation/mangrove_boat": {
    "criteria": {
      "in_water": "2024-10-11 15:40:48 +0000"
    },
    "done": true
  },
  "minecraft:recipes/decorations/torch": {
    "criteria": {
      "has_stone_pickaxe": "2024-10-11 15:46:24 +0000"
    },
    "done": true
  },
  "mcwbridges:recipes/cobblestone_bridge": {
    "criteria": {
      "has_planks": "2024-10-11 15:45:56 +0000"
    },
    "done": true
  },
  "minecraft:recipes/combat/shield": {
    "criteria": {
      "has_iron_ingot": "2024-10-11 15:53:02 +0000"
    },
    "done": true
  },
  "minecraft:recipes/decorations/iron_bars": {
    "criteria": {
      "has_iron_ingot": "2024-10-11 15:53:02 +0000"
    },
    "done": true
  },
  "minecraft:recipes/building_blocks/spruce_planks": {
    "criteria": {
      "has_logs": "2024-10-11 15:39:16 +0000"
    },
    "done": true
  },
  "extended_drawers:recipes/decorations/compacting_drawer": {
    "criteria": {
      "has_chest": "2024-10-11 15:53:22 +0000"
    },
    "done": true
  },
  "magnumtorch:recipes/decorations/diamond_magnum_torch": {
    "criteria": {
      "has_diamond": "2024-10-11 15:45:05 +0000"
    },
    "done": true
  },
  "zenith:affix/gem": {
    "criteria": {
      "gem": "2024-10-11 15:44:18 +0000"
    },
    "done": true
  },
  "croparia:recipes/misc/seed_crop_apple": {
    "criteria": {
      "has_apple": "2024-10-11 15:50:30 +0000"
    },
    "done": true
  },
  "promenade:recipes/crafting/sakura/boat": {
    "criteria": {
      "in_water": "2024-10-11 15:40:48 +0000"
    },
    "done": true
  },
  "charm:vanilla_wood_variants/recipes/acacia_ladder": {
    "criteria": {
      "has_stick": "2024-10-11 15:39:32 +0000"
    },
    "done": true
  },
  "promenade:recipes/crafting/palm/boat": {
    "criteria": {
      "in_water": "2024-10-11 15:40:48 +0000"
    },
    "done": true
  },
  "minecraft:recipes/misc/iron_ingot_from_smelting_raw_iron": {
    "criteria": {
      "has_raw_iron": "2024-10-11 15:51:57 +0000"
    },
    "done": true
  },
  "mcwbridges:recipes/spruce_log_bridge_middle": {
    "criteria": {
      "has_planks": "2024-10-11 15:39:31 +0000"
    },
    "done": true
  },
  "minecraft:recipes/food/cooked_mutton": {
    "criteria": {
      "has_mutton": "2024-10-11 15:41:34 +0000"
    },
    "done": true
  },
  "trashcans:recipes/misc/item_trash_can": {
    "criteria": {
      "recipe_condition": "2024-10-11 15:53:22 +0000"
    },
    "done": true
  },
  "adorn:recipes/picket_fence": {
    "criteria": {
      "has_key_item_0": "2024-10-11 15:39:31 +0000"
    },
    "done": true
  },
  "mcwbridges:recipes/cobblestone_bridge_pier": {
    "criteria": {
      "has_planks": "2024-10-11 15:45:56 +0000"
    },
    "done": true
  },
  "minecraft:recipes/decorations/white_banner": {
    "criteria": {
      "has_white_wool": "2024-10-11 15:41:34 +0000"
    },
    "done": true
  },
  "adorn:root": {
    "criteria": {
      "has_wool": "2024-10-11 15:41:34 +0000"
    },
    "done": true
  },
  "dungeons_arise:find_bathhouse": {
    "criteria": {
      "location0": "2024-10-11 15:45:49 +0000"
    },
    "done": true
  },
  "minecraft:recipes/tools/wooden_pickaxe": {
    "criteria": {
      "has_stick": "2024-10-11 15:39:32 +0000"
    },
    "done": true
  },
  "minecraft:recipes/misc/lapis_lazuli": {
    "criteria": {
      "has_lapis_block": "2024-10-11 15:51:13 +0000"
    },
    "done": true
  },
  "minecraft:story/upgrade_tools": {
    "criteria": {
      "stone_pickaxe": "2024-10-11 15:46:24 +0000"
    },
    "done": true
  },
  "croptopia:recipes/documentation": {
    "criteria": {
      "has_book": "2024-10-11 15:44:44 +0000"
    },
    "done": true
  },
  "charm:vanilla_wood_variants/recipes/warped_bookshelf": {
    "criteria": {
      "has_book": "2024-10-11 15:44:44 +0000"
    },
    "done": true
  },
  "sophisticatedbackpacks:recipes/misc/upgrade_base": {
    "criteria": {
      "has_leather": "2024-10-11 15:42:18 +0000"
    },
    "done": true
  },
  "adorn:recipes/spruce_kitchen_sink": {
    "criteria": {
      "has_planks": "2024-10-11 15:39:31 +0000"
    },
    "done": true
  },
  "minecraft:recipes/redstone/spruce_trapdoor": {
    "criteria": {
      "has_planks": "2024-10-11 15:39:31 +0000"
    },
    "done": true
  },
  "extended_drawers:recipes/decorations/quad_drawer": {
    "criteria": {
      "has_chest": "2024-10-11 15:53:22 +0000"
    },
    "done": true
  },
  "croptopia:recipes/fruit_salad": {
    "criteria": {
      "has_apple": "2024-10-11 15:50:30 +0000"
    },
    "done": true
  },
  "minecraft:recipes/food/cooked_mutton_from_campfire_cooking": {
    "criteria": {
      "has_mutton": "2024-10-11 15:41:34 +0000"
    },
    "done": true
  },
  "minecraft:recipes/redstone/spruce_door": {
    "criteria": {
      "has_planks": "2024-10-11 15:39:31 +0000"
    },
    "done": true
  },
  "minecraft:recipes/redstone/spruce_fence_gate": {
    "criteria": {
      "has_planks": "2024-10-11 15:39:31 +0000"
    },
    "done": true
  },
  "croparia:recipes/decorations/greenhouse": {
    "criteria": {
      "has_stick": "2024-10-11 15:39:32 +0000"
    },
    "done": true
  },
  "charm:vanilla_wood_variants/recipes/cherry_bookshelf": {
    "criteria": {
      "has_book": "2024-10-11 15:44:44 +0000"
    },
    "done": true
  },
  "mcwbridges:recipes/cobblestone_bridge_stair": {
    "criteria": {
      "has_planks": "2024-10-11 15:45:56 +0000"
    },
    "done": true
  },
  "mcwbridges:recipes/balustrade_cobblestone_bridge": {
    "criteria": {
      "has_planks": "2024-10-11 15:45:56 +0000"
    },
    "done": true
  },
  "charm:vanilla_wood_variants/recipes/crimson_bookshelf": {
    "criteria": {
      "has_book": "2024-10-11 15:44:44 +0000"
    },
    "done": true
  },
  "minecraft:recipes/tools/iron_axe": {
    "criteria": {
      "has_iron_ingot": "2024-10-11 15:53:02 +0000"
    },
    "done": true
  },
  "minecraft:adventure/kill_a_mob": {
    "criteria": {
      "minecraft:skeleton": "2024-10-11 15:47:23 +0000"
    },
    "done": true
  },
  "charm:azalea_wood/recipes/azalea_bookshelf": {
    "criteria": {
      "has_book": "2024-10-11 15:44:44 +0000"
    },
    "done": true
  },
  "minecraft:recipes/misc/raw_iron": {
    "criteria": {
      "has_raw_iron_block": "2024-10-11 15:51:01 +0000"
    },
    "done": true
  },
  "croparia:recipes/misc/elematilius": {
    "criteria": {
      "has_diamond": "2024-10-11 15:45:05 +0000"
    },
    "done": true
  },
  "charm:vanilla_wood_variants/recipes/spruce_chest": {
    "criteria": {
      "has_planks": "2024-10-11 15:39:31 +0000"
    },
    "done": true
  },
  "minecraft:recipes/building_blocks/cobblestone_stairs_from_cobblestone_stonecutting": {
    "criteria": {
      "has_cobblestone": "2024-10-11 15:45:56 +0000"
    },
    "done": true
  },
  "minecraft:recipes/tools/golden_hoe": {
    "criteria": {
      "has_gold_ingot": "2024-10-11 15:45:07 +0000"
    },
    "done": true
  },
  "minecraft:husbandry/balanced_diet": {
    "criteria": {
      "sweet_berries": "2024-10-11 15:42:22 +0000"
    },
    "done": false
  },
  "tconstruct:recipes/misc/armor/building/travelers_pants": {
    "criteria": {
      "has_item": "2024-10-11 15:53:37 +0000"
    },
    "done": true
  },
  "matchbox:recipes/altimeter": {
    "criteria": {
      "has_copper": "2024-10-11 15:53:37 +0000"
    },
    "done": false
  },
  "charm:azalea_wood/recipes/azalea_boat": {
    "criteria": {
      "in_water": "2024-10-11 15:40:48 +0000"
    },
    "done": true
  },
  "minecraft:recipes/tools/stone_hoe": {
    "criteria": {
      "has_cobblestone": "2024-10-11 15:45:56 +0000"
    },
    "done": true
  },
  "minecraft:recipes/building_blocks/spruce_stairs": {
    "criteria": {
      "has_planks": "2024-10-11 15:39:31 +0000"
    },
    "done": true
  },
  "charm:vanilla_wood_variants/recipes/bamboo_bookshelf": {
    "criteria": {
      "has_book": "2024-10-11 15:44:44 +0000"
    },
    "done": true
  },
  "minecraft:recipes/tools/diamond_axe": {
    "criteria": {
      "has_diamond": "2024-10-11 15:45:05 +0000"
    },
    "done": true
  },
  "mcwwindows:recipes/metal": {
    "criteria": {
      "has_wood": "2024-10-11 15:53:02 +0000"
    },
    "done": true
  },
  "mcwbridges:recipes/pliers": {
    "criteria": {
      "has_planks": "2024-10-11 15:53:02 +0000"
    },
    "done": true
  },
  "rechiseled:recipes/misc/chisel": {
    "criteria": {
      "recipe_condition": "2024-10-11 15:53:02 +0000"
    },
    "done": true
  },
  "minecraft:recipes/misc/raw_copper": {
    "criteria": {
      "has_raw_copper_block": "2024-10-11 15:51:09 +0000"
    },
    "done": true
  },
  "minecraft:story/root": {
    "criteria": {
      "crafting_table": "2024-10-11 15:39:32 +0000"
    },
    "done": true
  },
  "minecraft:recipes/redstone/iron_door": {
    "criteria": {
      "has_iron_ingot": "2024-10-11 15:53:02 +0000"
    },
    "done": true
  },
  "minecraft:recipes/misc/copper_ingot_from_smelting_raw_copper": {
    "criteria": {
      "has_raw_copper": "2024-10-11 15:53:05 +0000"
    },
    "done": true
  },
  "malum:recipes/misc/coal_fragment": {
    "criteria": {
      "has_coal": "2024-10-11 15:50:34 +0000"
    },
    "done": true
  },
  "croptopia:recipes/misc/cooking_pot": {
    "criteria": {
      "has_iron": "2024-10-11 15:53:02 +0000"
    },
    "done": true
  },
  "minecraft:recipes/transportation/dark_oak_boat": {
    "criteria": {
      "in_water": "2024-10-11 15:40:48 +0000"
    },
    "done": true
  },
  "minecraft:recipes/combat/golden_leggings": {
    "criteria": {
      "has_gold_ingot": "2024-10-11 15:45:07 +0000"
    },
    "done": true
  },
  "minecraft:recipes/food/cooked_beef_from_campfire_cooking": {
    "criteria": {
      "has_beef": "2024-10-11 15:42:18 +0000"
    },
    "done": true
  },
  "DataVersion": 3465
}